Params,total steps,lr,Avg Train Loss,Max Train Loss,C4 Eval PPL,Wiki Eval PPL,C4 Eval Loss,Wiki Eval Loss,C,Approx_C_no_emb,Approx_C,D,N_no_emb,N,total train ZFLOPs,goal train tokens,tok / sec,act. check?,vocab,num GPUs,local bsz,batch size,seq len,tok / batch,layers,model dim,FFN dim,n heads,head size,attn params / layer,FFN params / layer,params / layer,total norm params,total non-emb params,total emb params,NEW # params,HW TFLOP/s/GPU,Model FLOP Util,days to finish,attn FLOPS per layer-token,Proj FLOPs per layer-token,FFN FLOPs per layer-token,Body FLOPs,logits FLOPS,FLOPs / update,FLOPS / update w/ rema,% FLOPS Proj,% FLOPS FFN,% FLOPS logit,% FLOPS attn,updates per second
12M,,,,,,,,,,,,,12047168,40719168,,,,0,32.0K,16,32,512,2048,1.0M,5,448,1792,7,64,802.8K,1.6M,2.4M,4.9K,12.0M,28.7M,40.7M,,,,1.1E+07,4.8E+06,9.6E+06,1.3E+14,9.0E+13,2.2E+14,2.2E+14,11%,23%,40.3%,25.8%,
,200,,,,,,,,,,,,12047168,40719168,4.5E-05,210M,,,,,,,,,,,,,,,,,,,,,,,,,,,,,,,,,,,
,,1E-03,5.166,5.435,178.767,309.804,5.186,5.736,4.47E+16,1.52E+16,5.12E+16,209715200,12047168,40719168,,,,,,,,,,,,,,,,,,,,,,,,,,,,,,,,,,,,,
,,2E-03,4.956,5.195,146.596,225.257,4.988,5.417,4.47E+16,1.52E+16,5.12E+16,209715200,12047168,40719168,,,,,,,,,,,,,,,,,,,,,,,,,,,,,,,,,,,,,
,,4E-03,4.957,5.185,146.194,216.300,4.985,5.377,4.47E+16,1.52E+16,5.12E+16,209715200,12047168,40719168,,,,,,,,,,,,,,,,,,,,,,,,,,,,,,,,,,,,,
,250,,,,,,,,,,,,12047168,40719168,5.6E-05,262M,,,,,,,,,,,,,,,,,,,,,,,,,,,,,,,,,,,
,,1E-04,6.481,6.847,609.391,1684.425,6.412,7.429,5.59E+16,1.89E+16,6.40E+16,262144000,12047168,40719168,,,,,,,,,,,,,,,,,,,,,,,,,,,,,,,,,,,,,
,,2E-04,5.896,6.224,348.487,851.717,5.854,6.747,5.59E+16,1.89E+16,6.40E+16,262144000,12047168,40719168,,,,,,,,,,,,,,,,,,,,,,,,,,,,,,,,,,,,,
,,4E-04,5.427,5.801,228.433,455.996,5.431,6.122,5.59E+16,1.89E+16,6.40E+16,262144000,12047168,40719168,,,,,,,,,,,,,,,,,,,,,,,,,,,,,,,,,,,,,
,,8E-04,5.067,5.432,164.992,278.316,5.106,5.629,5.59E+16,1.89E+16,6.40E+16,262144000,12047168,40719168,,,,,,,,,,,,,,,,,,,,,,,,,,,,,,,,,,,,,
,,1E-03,4.966,5.343,150.235,242.246,5.012,5.490,5.59E+16,1.89E+16,6.40E+16,262144000,12047168,40719168,,,,,,,,,,,,,,,,,,,,,,,,,,,,,,,,,,,,,
,,2E-03,4.738,5.079,121.925,172.983,4.803,5.153,5.59E+16,1.89E+16,6.40E+16,262144000,12047168,40719168,,,,,,,,,,,,,,,,,,,,,,,,,,,,,,,,,,,,,
,,4E-03,4.717,5.044,119.259,166.031,4.781,5.112,5.59E+16,1.89E+16,6.40E+16,262144000,12047168,40719168,,,,,,,,,,,,,,,,,,,,,,,,,,,,,,,,,,,,,
,,8E-03,4.862,5.206,137.095,186.344,4.921,5.228,5.59E+16,1.89E+16,6.40E+16,262144000,12047168,40719168,,,,,,,,,,,,,,,,,,,,,,,,,,,,,,,,,,,,,
,360,,,,,,,,,,,,12047168,40719168,8.1E-05,377M,,,,,,,,,,,,,,,,,,,,,,,,,,,,,,,,,,,
,,1E-03,4.704,4.912,114.129,163.362,4.737,5.096,8.05E+16,2.73E+16,9.22E+16,377487360,12047168,40719168,,,,,,,,,,,,,,,,,,,,,,,,,,,,,,,,,,,,,
,,2E-03,4.450,4.659,89.669,113.959,4.496,4.736,8.05E+16,2.73E+16,9.22E+16,377487360,12047168,40719168,,,,,,,,,,,,,,,,,,,,,,,,,,,,,,,,,,,,,
,,4E-03,4.453,4.659,89.148,115.380,4.490,4.748,8.05E+16,2.73E+16,9.22E+16,377487360,12047168,40719168,,,,,,,,,,,,,,,,,,,,,,,,,,,,,,,,,,,,,
,500,,,,,,,,,,,,12047168,40719168,1.1E-04,524M,,,,,,,,,,,,,,,,,,,,,,,,,,,,,,,,,,,
,,1E-03,4.410,4.641,89.810,114.073,4.498,4.737,1.12E+17,3.79E+16,1.28E+17,524288000,12047168,40719168,,,,,,,,,,,,,,,,,,,,,,,,,,,,,,,,,,,,,
,,2E-03,4.101,4.306,67.612,77.478,4.214,4.350,1.12E+17,3.79E+16,1.28E+17,524288000,12047168,40719168,,,,,,,,,,,,,,,,,,,,,,,,,,,,,,,,,,,,,
,,4E-03,3.999,4.218,61.665,70.939,4.122,4.262,1.12E+17,3.79E+16,1.28E+17,524288000,12047168,40719168,,,,,,,,,,,,,,,,,,,,,,,,,,,,,,,,,,,,,
,750,,,,,,,,,,,,12047168,40719168,1.7E-04,786M,,,,,,,,,,,,,,,,,,,,,,,,,,,,,,,,,,,
,,1E-03,4.123,4.375,65.851,75.280,4.187,4.321,1.68E+17,5.68E+16,1.92E+17,786432000,12047168,40719168,,,,,,,,,,,,,,,,,,,,,,,,,,,,,,,,,,,,,
,,2E-03,3.786,4.089,49.273,49.226,3.897,3.896,1.68E+17,5.68E+16,1.92E+17,786432000,12047168,40719168,,,,,,,,,,,,,,,,,,,,,,,,,,,,,,,,,,,,,
,,4E-03,3.736,4.058,46.984,47.592,3.850,3.863,1.68E+17,5.68E+16,1.92E+17,786432000,12047168,40719168,,,,,,,,,,,,,,,,,,,,,,,,,,,,,,,,,,,,,
,"1,000",,,,,,,,,,,,12047168,40719168,2.2E-04,1B,,,,,,,,,,,,,,,,,,,,,,,,,,,,,,,,,,,
,,1E-03,3.850,4.037,52.929,55.660,3.969,4.019,2.24E+17,7.58E+16,2.56E+17,1048576000,12047168,40719168,,,,,,,,,,,,,,,,,,,,,,,,,,,,,,,,,,,,,
,,2E-03,3.611,3.828,42.604,39.456,3.752,3.675,2.24E+17,7.58E+16,2.56E+17,1048576000,12047168,40719168,,,,,,,,,,,,,,,,,,,,,,,,,,,,,,,,,,,,,
,,4E-03,3.533,3.764,39.858,35.852,3.685,3.579,2.24E+17,7.58E+16,2.56E+17,1048576000,12047168,40719168,,,,,,,,,,,,,,,,,,,,,,,,,,,,,,,,,,,,,
,"4,000",,,,,,,,,,,,12047168,40719168,8.9E-04,4B,,,,,,,,,,,,,,,,,,,,,,,,,,,,,,,,,,,
,,1E-03,3.303,3.656,31.904,25.114,3.463,3.223,8.95E+17,3.03E+17,1.02E+18,4194304000,12047168,40719168,,,,,,,,,,,,,,,,,,,,,,,,,,,,,,,,,,,,,
,,2E-03,3.220,3.576,29.522,22.092,3.385,3.095,8.95E+17,3.03E+17,1.02E+18,4194304000,12047168,40719168,,,,,,,,,,,,,,,,,,,,,,,,,,,,,,,,,,,,,
,,4E-03,3.195,3.548,28.799,21.680,3.360,3.076,8.95E+17,3.03E+17,1.02E+18,4194304000,12047168,40719168,,,,,,,,,,,,,,,,,,,,,,,,,,,,,,,,,,,,,
,"6,122",,,,,,,,,,,,12047168,40719168,1.4E-03,6B,,,,,,,,,,,,,,,,,,,,,,,,,,,,,,,,,,,
,,1E-03,3.209,3.495,29.268,21.988,3.376,3.090,1.37E+18,4.64E+17,1.57E+18,6418981674,12047168,40719168,,,,,,,,,,,,,,,,,,,,,,,,,,,,,,,,,,,,,
,,2E-03,3.156,3.438,27.865,20.188,3.327,3.005,1.37E+18,4.64E+17,1.57E+18,6418981674,12047168,40719168,,,,,,,,,,,,,,,,,,,,,,,,,,,,,,,,,,,,,
,,4E-03,3.129,3.129,27.105,19.842,3.300,2.988,1.37E+18,4.64E+17,1.57E+18,6418981674,12047168,40719168,,,,,,,,,,,,,,,,,,,,,,,,,,,,,,,,,,,,,
,"7,346",,,,,,,,,,,,12047168,40719168,1.6E-03,8B,,,,,,,,,,,,,,,,,,,,,,,,,,,,,,,,,,,
,,1E-03,3.157,3.542,28.494,21.135,3.350,3.051,1.64E+18,5.57E+17,1.88E+18,7702778009,12047168,40719168,,,,,,,,,,,,,,,,,,,,,,,,,,,,,,,,,,,,,
,,2E-03,3.104,3.486,27.100,19.432,3.300,2.967,1.64E+18,5.57E+17,1.88E+18,7702778009,12047168,40719168,,,,,,,,,,,,,,,,,,,,,,,,,,,,,,,,,,,,,
,,4E-03,3.091,3.470,26.651,19.366,3.283,2.964,1.64E+18,5.57E+17,1.88E+18,7702778009,12047168,40719168,,,,,,,,,,,,,,,,,,,,,,,,,,,,,,,,,,,,,
,"8,888",,,,,,,,,,,,12047168,40719168,2.0E-03,9B,,,,,,,,,,,,,,,,,,,,,,,,,,,,,,,,,,,
,,1E-03,3.174,3.416,27.650,20.135,3.320,3.002,1.99E+18,6.74E+17,2.28E+18,9320111387,12047168,40719168,,,,,,,,,,,,,,,,,,,,,,,,,,,,,,,,,,,,,
,,2E-03,3.135,3.387,26.649,18.882,3.283,2.938,1.99E+18,6.74E+17,2.28E+18,9320111387,12047168,40719168,,,,,,,,,,,,,,,,,,,,,,,,,,,,,,,,,,,,,
,,4E-03,3.118,3.363,26.126,18.799,3.263,2.934,1.99E+18,6.74E+17,2.28E+18,9320111387,12047168,40719168,,,,,,,,,,,,,,,,,,,,,,,,,,,,,,,,,,,,,
,"11,851",,,,,,,,,,,,12047168,40719168,2.7E-03,12B,,,,,,,,,,,,,,,,,,,,,,,,,,,,,,,,,,,
,,1E-03,3.131,3.466,26.809,19.071,3.289,2.948,2.65E+18,8.98E+17,3.04E+18,12426815182,12047168,40719168,,,,,,,,,,,,,,,,,,,,,,,,,,,,,,,,,,,,,
,,2E-03,3.094,3.428,25.868,18.036,3.253,2.892,2.65E+18,8.98E+17,3.04E+18,12426815182,12047168,40719168,,,,,,,,,,,,,,,,,,,,,,,,,,,,,,,,,,,,,
,,4E-03,3.086,3.418,25.612,18.189,3.243,2.901,2.65E+18,8.98E+17,3.04E+18,12426815182,12047168,40719168,,,,,,,,,,,,,,,,,,,,,,,,,,,,,,,,,,,,,
17M,,,,,,,,,,,,,16865856,45537856,,,,0,32.0K,16,32,512,2048,1.0M,7,448,1792,7,64,802.8K,1.6M,2.4M,6.7K,16.9M,28.7M,45.5M,,,,1.1E+07,4.8E+06,9.6E+06,1.9E+14,9.0E+13,2.8E+14,2.8E+14,13%,26%,32.6%,29.2%,
,200,,,,,,,,,,,,16865856,45537856,5.5E-05,210M,,,,,,,,,,,,,,,,,,,,,,,,,,,,,,,,,,,
,,1E-03,5.153,5.417,175.524,310.376,5.168,5.738,5.54E+16,2.12E+16,5.73E+16,209715200,16865856,45537856,,,,,,,,,,,,,,,,,,,,,,,,,,,,,,,,,,,,,
,,2E-03,4.925,5.171,141.632,224.183,4.953,5.412,5.54E+16,2.12E+16,5.73E+16,209715200,16865856,45537856,,,,,,,,,,,,,,,,,,,,,,,,,,,,,,,,,,,,,
,,4E-03,4.979,5.215,148.743,225.430,5.002,5.418,5.54E+16,2.12E+16,5.73E+16,209715200,16865856,45537856,,,,,,,,,,,,,,,,,,,,,,,,,,,,,,,,,,,,,
,250,,,,,,,,,,,,16865856,45537856,6.9E-05,262M,,,,,,,,,,,,,,,,,,,,,,,,,,,,,,,,,,,
,,1E-03,4.935,5.263,145.689,238.672,4.981,5.475,6.93E+16,2.65E+16,7.16E+16,262144000,16865856,45537856,,,,,,,,,,,,,,,,,,,,,,,,,,,,,,,,,,,,,
,,2E-03,4.683,5.024,114.945,168.517,4.744,5.127,6.93E+16,2.65E+16,7.16E+16,262144000,16865856,45537856,,,,,,,,,,,,,,,,,,,,,,,,,,,,,,,,,,,,,
,,4E-03,4.720,5.047,119.118,168.524,4.780,5.127,6.93E+16,2.65E+16,7.16E+16,262144000,16865856,45537856,,,,,,,,,,,,,,,,,,,,,,,,,,,,,,,,,,,,,
,500,,,,,,,,,,,,16865856,45537856,1.4E-04,524M,,,,,,,,,,,,,,,,,,,,,,,,,,,,,,,,,,,
,,1E-03,4.333,4.568,83.384,107.130,4.423,4.674,1.39E+17,5.31E+16,1.43E+17,524288000,16865856,45537856,,,,,,,,,,,,,,,,,,,,,,,,,,,,,,,,,,,,,
,,2E-03,3.961,4.180,59.804,68.319,4.091,4.224,1.39E+17,5.31E+16,1.43E+17,524288000,16865856,45537856,,,,,,,,,,,,,,,,,,,,,,,,,,,,,,,,,,,,,
,,4E-03,3.880,4.109,55.653,62.826,4.019,4.140,1.39E+17,5.31E+16,1.43E+17,524288000,16865856,45537856,,,,,,,,,,,,,,,,,,,,,,,,,,,,,,,,,,,,,
,750,,,,,,,,,,,,16865856,45537856,2.1E-04,786M,,,,,,,,,,,,,,,,,,,,,,,,,,,,,,,,,,,
,,1E-03,3.954,4.227,57.039,64.585,4.044,4.168,2.08E+17,7.96E+16,2.15E+17,786432000,16865856,45537856,,,,,,,,,,,,,,,,,,,,,,,,,,,,,,,,,,,,,
,,2E-03,3.638,3.985,43.167,40.866,3.765,3.710,2.08E+17,7.96E+16,2.15E+17,786432000,16865856,45537856,,,,,,,,,,,,,,,,,,,,,,,,,,,,,,,,,,,,,
,,4E-03,3.603,3.968,41.767,39.030,3.732,3.664,2.08E+17,7.96E+16,2.15E+17,786432000,16865856,45537856,,,,,,,,,,,,,,,,,,,,,,,,,,,,,,,,,,,,,
,"1,000",,,,,,,,,,,,16865856,45537856,2.8E-04,1B,,,,,,,,,,,,,,,,,,,,,,,,,,,,,,,,,,,
,,1E-03,3.670,3.888,45.122,44.702,3.809,3.800,2.77E+17,1.06E+17,2.86E+17,1048576000,16865856,45537856,,,,,,,,,,,,,,,,,,,,,,,,,,,,,,,,,,,,,
,,2E-03,3.477,3.706,37.774,33.594,3.632,3.514,2.77E+17,1.06E+17,2.86E+17,1048576000,16865856,45537856,,,,,,,,,,,,,,,,,,,,,,,,,,,,,,,,,,,,,
,,4E-03,3.448,3.680,36.775,32.393,3.605,3.478,2.77E+17,1.06E+17,2.86E+17,1048576000,16865856,45537856,,,,,,,,,,,,,,,,,,,,,,,,,,,,,,,,,,,,,
,"1,250",,,,,,,,,,,,16865856,45537856,3.5E-04,1B,,,,,,,,,,,,,,,,,,,,,,,,,,,,,,,,,,,
,,1E-03,3.555,3.826,40.026,36.734,3.690,3.604,3.46E+17,1.33E+17,3.58E+17,1310720000,16865856,45537856,,,,,,,,,,,,,,,,,,,,,,,,,,,,,,,,,,,,,
,,2E-03,3.406,3.700,34.875,29.602,3.552,3.388,3.46E+17,1.33E+17,3.58E+17,1310720000,16865856,45537856,,,,,,,,,,,,,,,,,,,,,,,,,,,,,,,,,,,,,
,,4E-03,3.384,3.679,34.108,29.042,3.530,3.369,3.46E+17,1.33E+17,3.58E+17,1310720000,16865856,45537856,,,,,,,,,,,,,,,,,,,,,,,,,,,,,,,,,,,,,
,"1,500",,,,,,,,,,,,16865856,45537856,4.2E-04,2B,,,,,,,,,,,,,,,,,,,,,,,,,,,,,,,,,,,
,,1E-03,3.460,3.753,37.206,32.678,3.616,3.487,4.16E+17,1.59E+17,4.30E+17,1572864000,16865856,45537856,,,,,,,,,,,,,,,,,,,,,,,,,,,,,,,,,,,,,
,,2E-03,3.335,3.619,32.991,27.375,3.496,3.310,4.16E+17,1.59E+17,4.30E+17,1572864000,16865856,45537856,,,,,,,,,,,,,,,,,,,,,,,,,,,,,,,,,,,,,
,,4E-03,3.312,3.599,32.342,26.802,3.476,3.288,4.16E+17,1.59E+17,4.30E+17,1572864000,16865856,45537856,,,,,,,,,,,,,,,,,,,,,,,,,,,,,,,,,,,,,
,"10,581",,,,,,,,,,,,16865856,45537856,2.4E-03,11B,,,,,,,,,,,,,,,,,,,,,,,,,,,,,,,,,,,
,,1E-03,3.045,3.410,24.834,18.011,3.212,2.891,2.37E+18,1.12E+18,3.03E+18,11095488587,16865856,45537856,,,,,,,,,,,,,,,,,,,,,,,,,,,,,,,,,,,,,
,,2E-03,3.013,3.379,24.084,17.009,3.182,2.834,2.37E+18,1.12E+18,3.03E+18,11095488587,16865856,45537856,,,,,,,,,,,,,,,,,,,,,,,,,,,,,,,,,,,,,
,,4E-03,3.005,3.372,23.901,17.039,3.174,2.836,2.37E+18,1.12E+18,3.03E+18,11095488587,16865856,45537856,,,,,,,,,,,,,,,,,,,,,,,,,,,,,,,,,,,,,
25M,,,,,,,,,,,,,25174528,57942528,,,,0,32.0K,16,32,512,2048,1.0M,8,512,2048,8,64,1.0M,2.1M,3.1M,8.7K,25.2M,32.8M,57.9M,,,,1.3E+07,6.3E+06,1.3E+07,2.6E+14,1.0E+14,3.7E+14,3.7E+14,14%,29%,28.1%,28.8%,
,250,,,,,,,,,,,,25174528,57942528,9.2E-05,262M,,,,,,,,,,,,,,,,,,,,,,,,,,,,,,,,,,,
,,1E-03,4.857,5.190,135.367,218.971,4.908,5.389,9.17E+16,3.96E+16,9.11E+16,262144000,25174528,57942528,,,,,,,,,,,,,,,,,,,,,,,,,,,,,,,,,,,,,
,,2E-03,4.643,4.973,110.797,162.453,4.708,5.090,9.17E+16,3.96E+16,9.11E+16,262144000,25174528,57942528,,,,,,,,,,,,,,,,,,,,,,,,,,,,,,,,,,,,,
,,4E-03,4.768,5.100,124.522,178.648,4.824,5.185,9.17E+16,3.96E+16,9.11E+16,262144000,25174528,57942528,,,,,,,,,,,,,,,,,,,,,,,,,,,,,,,,,,,,,
,360,,,,,,,,,,,,25174528,57942528,1.3E-04,377M,,,,,,,,,,,,,,,,,,,,,,,,,,,,,,,,,,,
,,1E-03,4.559,4.767,99.169,141.451,4.597,4.952,1.32E+17,5.70E+16,1.31E+17,377487360,25174528,57942528,,,,,,,,,,,,,,,,,,,,,,,,,,,,,,,,,,,,,
,,2E-03,4.321,4.538,79.123,102.901,4.371,4.634,1.32E+17,5.70E+16,1.31E+17,377487360,25174528,57942528,,,,,,,,,,,,,,,,,,,,,,,,,,,,,,,,,,,,,
,,4E-03,4.381,4.600,83.658,110.577,4.427,4.706,1.32E+17,5.70E+16,1.31E+17,377487360,25174528,57942528,,,,,,,,,,,,,,,,,,,,,,,,,,,,,,,,,,,,,
,500,,,,,,,,,,,,25174528,57942528,1.8E-04,524M,,,,,,,,,,,,,,,,,,,,,,,,,,,,,,,,,,,
,,1E-04,5.559,5.861,260.807,598.471,5.564,6.394,1.83E+17,7.92E+16,1.82E+17,524288000,25174528,57942528,,,,,,,,,,,,,,,,,,,,,,,,,,,,,,,,,,,,,
,,2E-04,5.106,5.383,172.355,324.070,5.150,5.781,1.83E+17,7.92E+16,1.82E+17,524288000,25174528,57942528,,,,,,,,,,,,,,,,,,,,,,,,,,,,,,,,,,,,,
,,4E-04,4.697,4.955,117.570,185.087,4.767,5.221,1.83E+17,7.92E+16,1.82E+17,524288000,25174528,57942528,,,,,,,,,,,,,,,,,,,,,,,,,,,,,,,,,,,,,
,,8E-04,4.319,4.548,82.285,107.486,4.410,4.677,1.83E+17,7.92E+16,1.82E+17,524288000,25174528,57942528,,,,,,,,,,,,,,,,,,,,,,,,,,,,,,,,,,,,,
,,1E-03,4.218,4.444,74.793,93.905,4.315,4.542,1.83E+17,7.92E+16,1.82E+17,524288000,25174528,57942528,,,,,,,,,,,,,,,,,,,,,,,,,,,,,,,,,,,,,
,,2E-03,3.835,4.065,53.307,59.325,3.976,4.083,1.83E+17,7.92E+16,1.82E+17,524288000,25174528,57942528,,,,,,,,,,,,,,,,,,,,,,,,,,,,,,,,,,,,,
,,4E-03,3.895,4.121,56.197,65.559,4.029,4.183,1.83E+17,7.92E+16,1.82E+17,524288000,25174528,57942528,,,,,,,,,,,,,,,,,,,,,,,,,,,,,,,,,,,,,
,,8E-03,4.047,4.263,64.023,76.666,4.159,4.339,1.83E+17,7.92E+16,1.82E+17,524288000,25174528,57942528,,,,,,,,,,,,,,,,,,,,,,,,,,,,,,,,,,,,,
,750,,,,,,,,,,,,25174528,57942528,2.8E-04,786M,,,,,,,,,,,,,,,,,,,,,,,,,,,,,,,,,,,
,,1E-03,3.788,4.085,49.223,52.644,3.896,3.964,2.75E+17,1.19E+17,2.73E+17,786432000,25174528,57942528,,,,,,,,,,,,,,,,,,,,,,,,,,,,,,,,,,,,,
,,2E-03,3.549,3.924,39.643,36.808,3.680,3.606,2.75E+17,1.19E+17,2.73E+17,786432000,25174528,57942528,,,,,,,,,,,,,,,,,,,,,,,,,,,,,,,,,,,,,
,,4E-03,3.556,3.933,39.861,37.482,3.685,3.624,2.75E+17,1.19E+17,2.73E+17,786432000,25174528,57942528,,,,,,,,,,,,,,,,,,,,,,,,,,,,,,,,,,,,,
,"1,000",,,,,,,,,,,,25174528,57942528,3.7E-04,1B,,,,,,,,,,,,,,,,,,,,,,,,,,,,,,,,,,,
,,1E-03,3.555,3.774,40.419,38.497,3.699,3.651,3.67E+17,1.58E+17,3.65E+17,1048576000,25174528,57942528,,,,,,,,,,,,,,,,,,,,,,,,,,,,,,,,,,,,,
,,2E-03,3.392,3.627,34.812,30.338,3.550,3.412,3.67E+17,1.58E+17,3.65E+17,1048576000,25174528,57942528,,,,,,,,,,,,,,,,,,,,,,,,,,,,,,,,,,,,,
,,4E-03,3.390,3.625,34.712,30.659,3.547,3.423,3.67E+17,1.58E+17,3.65E+17,1048576000,25174528,57942528,,,,,,,,,,,,,,,,,,,,,,,,,,,,,,,,,,,,,
,"1,500",,,,,,,,,,,,25174528,57942528,5.5E-04,2B,,,,,,,,,,,,,,,,,,,,,,,,,,,,,,,,,,,
,,1E-03,3.360,3.648,33.680,28.994,3.517,3.367,5.50E+17,2.38E+17,5.47E+17,1572864000,25174528,57942528,,,,,,,,,,,,,,,,,,,,,,,,,,,,,,,,,,,,,
,,2E-03,3.251,3.529,30.453,24.774,3.416,3.210,5.50E+17,2.38E+17,5.47E+17,1572864000,25174528,57942528,,,,,,,,,,,,,,,,,,,,,,,,,,,,,,,,,,,,,
,,4E-03,3.250,3.529,30.378,25.104,3.414,3.223,5.50E+17,2.38E+17,5.47E+17,1572864000,25174528,57942528,,,,,,,,,,,,,,,,,,,,,,,,,,,,,,,,,,,,,
,"2,000",,,,,,,,,,,,25174528,57942528,7.3E-04,2B,,,,,,,,,,,,,,,,,,,,,,,,,,,,,,,,,,,
,,1E-03,3.289,3.525,30.554,25.141,3.420,3.224,7.34E+17,3.17E+17,7.29E+17,2097152000,25174528,57942528,,,,,,,,,,,,,,,,,,,,,,,,,,,,,,,,,,,,,
,,2E-03,3.203,3.438,28.179,22.157,3.339,3.098,7.34E+17,3.17E+17,7.29E+17,2097152000,25174528,57942528,,,,,,,,,,,,,,,,,,,,,,,,,,,,,,,,,,,,,
,,4E-03,3.201,3.438,28.080,22.326,3.335,3.106,7.34E+17,3.17E+17,7.29E+17,2097152000,25174528,57942528,,,,,,,,,,,,,,,,,,,,,,,,,,,,,,,,,,,,,
,"8,000",,,,,,,,,,,,25174528,57942528,2.9E-03,8B,,,,,,,,,,,,,,,,,,,,,,,,,,,,,,,,,,,
,,1E-03,2.971,3.257,23.302,16.829,3.149,2.823,2.94E+18,1.27E+18,2.92E+18,8388608000,25174528,57942528,,,,,,,,,,,,,,,,,,,,,,,,,,,,,,,,,,,,,
,,2E-03,2.940,3.222,22.659,16.079,3.121,2.778,2.94E+18,1.27E+18,2.92E+18,8388608000,25174528,57942528,,,,,,,,,,,,,,,,,,,,,,,,,,,,,,,,,,,,,
,,4E-03,2.933,3.217,22.453,16.027,3.111,2.774,2.94E+18,1.27E+18,2.92E+18,8388608000,25174528,57942528,,,,,,,,,,,,,,,,,,,,,,,,,,,,,,,,,,,,,
,"16,000",,,,,,,,,,,,25174528,57942528,3.6E-03,17B,,,,,,,,,,,,,,,,,,,,,,,,,,,,,,,,,,,
,,1E-03,2.931,3.161,21.717,15.087,3.078,2.714,3.58E+18,2.53E+18,5.83E+18,16777216000,25174528,57942528,,,,,,,,,,,,,,,,,,,,,,,,,,,,,,,,,,,,,
,,2E-03,2.910,3.141,21.270,14.630,3.057,2.683,3.58E+18,2.53E+18,5.83E+18,16777216000,25174528,57942528,,,,,,,,,,,,,,,,,,,,,,,,,,,,,,,,,,,,,
,,4E-03,2.905,3.131,21.156,14.706,3.052,2.688,3.58E+18,2.53E+18,5.83E+18,16777216000,25174528,57942528,,,,,,,,,,,,,,,,,,,,,,,,,,,,,,,,,,,,,
,"31,635",,,,,,,,,,,,25174528,57942528,7.1E-03,33B,,,,,,,,,,,,,,,,,,,,,,,,,,,,,,,,,,,
,,1E-03,2.873,3.136,20.675,13.894,3.029,2.631,7.08E+18,5.01E+18,1.15E+19,33172046921,25174528,57942528,,,,,,,,,,,,,,,,,,,,,,,,,,,,,,,,,,,,,
,,2E-03,2.859,3.120,20.408,13.710,3.016,2.618,7.08E+18,5.01E+18,1.15E+19,33172046921,25174528,57942528,,,,,,,,,,,,,,,,,,,,,,,,,,,,,,,,,,,,,
,,4E-03,2.861,3.116,20.428,14.000,3.017,2.639,7.08E+18,5.01E+18,1.15E+19,33172046921,25174528,57942528,,,,,,,,,,,,,,,,,,,,,,,,,,,,,,,,,,,,,
35M,,,,,,,,,,,,,35842752,72706752,,,,0,32.0K,16,32,512,2048,1.0M,9,576,2304,9,64,1.3M,2.7M,4.0M,10.9K,35.8M,36.9M,72.7M,,,,1.4E+07,8.0E+06,1.6E+07,3.6E+14,1.2E+14,4.7E+14,4.7E+14,16%,32%,24.4%,28.1%,
,200,,,,,,,,,,,,35842752,72706752,9.5E-05,210M,,,,,,,,,,,,,,,,,,,,,,,,,,,,,,,,,,,
,,1E-03,5.064,5.322,161.986,277.699,5.088,5.627,9.50E+16,4.51E+16,9.15E+16,209715200,35842752,72706752,,,,,,,,,,,,,,,,,,,,,,,,,,,,,,,,,,,,,
,,2E-03,4.971,5.216,147.519,236.586,4.994,5.466,9.50E+16,4.51E+16,9.15E+16,209715200,35842752,72706752,,,,,,,,,,,,,,,,,,,,,,,,,,,,,,,,,,,,,
,,4E-03,5.002,5.239,152.758,226.751,5.029,5.424,9.50E+16,4.51E+16,9.15E+16,209715200,35842752,72706752,,,,,,,,,,,,,,,,,,,,,,,,,,,,,,,,,,,,,
,250,,,,,,,,,,,,35842752,72706752,1.2E-04,262M,,,,,,,,,,,,,,,,,,,,,,,,,,,,,,,,,,,
,,1E-03,4.829,5.160,132.318,211.347,4.885,5.354,1.19E+17,5.64E+16,1.14E+17,262144000,35842752,72706752,,,,,,,,,,,,,,,,,,,,,,,,,,,,,,,,,,,,,
,,2E-03,4.750,5.062,122.756,182.638,4.810,5.208,1.19E+17,5.64E+16,1.14E+17,262144000,35842752,72706752,,,,,,,,,,,,,,,,,,,,,,,,,,,,,,,,,,,,,
,,4E-03,4.734,5.059,120.748,175.021,4.794,5.165,1.19E+17,5.64E+16,1.14E+17,262144000,35842752,72706752,,,,,,,,,,,,,,,,,,,,,,,,,,,,,,,,,,,,,
,360,,,,,,,,,,,,35842752,72706752,1.7E-04,377M,,,,,,,,,,,,,,,,,,,,,,,,,,,,,,,,,,,
,,1E-03,4.527,4.741,96.216,137.719,4.567,4.925,1.71E+17,8.12E+16,1.65E+17,377487360,35842752,72706752,,,,,,,,,,,,,,,,,,,,,,,,,,,,,,,,,,,,,
,,2E-03,4.422,4.645,86.869,117.686,4.464,4.768,1.71E+17,8.12E+16,1.65E+17,377487360,35842752,72706752,,,,,,,,,,,,,,,,,,,,,,,,,,,,,,,,,,,,,
,,4E-03,4.341,4.559,80.451,106.232,4.388,4.666,1.71E+17,8.12E+16,1.65E+17,377487360,35842752,72706752,,,,,,,,,,,,,,,,,,,,,,,,,,,,,,,,,,,,,
,500,,,,,,,,,,,,35842752,72706752,2.4E-04,524M,,,,,,,,,,,,,,,,,,,,,,,,,,,,,,,,,,,
,,1E-03,4.183,4.409,72.177,91.591,4.279,4.517,2.37E+17,1.13E+17,2.29E+17,524288000,35842752,72706752,,,,,,,,,,,,,,,,,,,,,,,,,,,,,,,,,,,,,
,,2E-03,3.916,4.131,57.176,67.392,4.046,4.211,2.37E+17,1.13E+17,2.29E+17,524288000,35842752,72706752,,,,,,,,,,,,,,,,,,,,,,,,,,,,,,,,,,,,,
,,4E-03,3.820,4.048,52.464,60.188,3.960,4.097,2.37E+17,1.13E+17,2.29E+17,524288000,35842752,72706752,,,,,,,,,,,,,,,,,,,,,,,,,,,,,,,,,,,,,
,750,,,,,,,,,,,,35842752,72706752,3.6E-04,786M,,,,,,,,,,,,,,,,,,,,,,,,,,,,,,,,,,,
,,1E-03,3.748,4.052,47.050,51.765,3.851,3.947,3.56E+17,1.69E+17,3.43E+17,786432000,35842752,72706752,,,,,,,,,,,,,,,,,,,,,,,,,,,,,,,,,,,,,
,,2E-03,3.585,3.941,40.741,40.108,3.707,3.692,3.56E+17,1.69E+17,3.43E+17,786432000,35842752,72706752,,,,,,,,,,,,,,,,,,,,,,,,,,,,,,,,,,,,,
,,4E-03,3.521,3.902,38.631,35.934,3.654,3.582,3.56E+17,1.69E+17,3.43E+17,786432000,35842752,72706752,,,,,,,,,,,,,,,,,,,,,,,,,,,,,,,,,,,,,
,"1,000",,,,,,,,,,,,35842752,72706752,4.7E-04,1B,,,,,,,,,,,,,,,,,,,,,,,,,,,,,,,,,,,
,,1E-03,3.489,3.709,37.905,36.289,3.635,3.592,4.75E+17,2.26E+17,4.57E+17,1048576000,35842752,72706752,,,,,,,,,,,,,,,,,,,,,,,,,,,,,,,,,,,,,
,,2E-03,3.394,3.624,34.774,31.376,3.549,3.446,4.75E+17,2.26E+17,4.57E+17,1048576000,35842752,72706752,,,,,,,,,,,,,,,,,,,,,,,,,,,,,,,,,,,,,
,,4E-03,3.348,3.581,33.370,29.302,3.508,3.378,4.75E+17,2.26E+17,4.57E+17,1048576000,35842752,72706752,,,,,,,,,,,,,,,,,,,,,,,,,,,,,,,,,,,,,
,"1,250",,,,,,,,,,,,35842752,72706752,5.9E-04,1B,,,,,,,,,,,,,,,,,,,,,,,,,,,,,,,,,,,
,,1E-03,3.378,3.666,33.683,30.017,3.517,3.402,5.94E+17,2.82E+17,5.72E+17,1310720000,35842752,72706752,,,,,,,,,,,,,,,,,,,,,,,,,,,,,,,,,,,,,
,,2E-03,3.313,3.610,31.769,27.332,3.458,3.308,5.94E+17,2.82E+17,5.72E+17,1310720000,35842752,72706752,,,,,,,,,,,,,,,,,,,,,,,,,,,,,,,,,,,,,
,,4E-03,3.295,3.593,31.304,26.355,3.444,3.272,5.94E+17,2.82E+17,5.72E+17,1310720000,35842752,72706752,,,,,,,,,,,,,,,,,,,,,,,,,,,,,,,,,,,,,
,"1,500",,,,,,,,,,,,35842752,72706752,7.1E-04,2B,,,,,,,,,,,,,,,,,,,,,,,,,,,,,,,,,,,
,,1E-03,3.285,3.564,31.304,26.975,3.444,3.295,7.12E+17,3.38E+17,6.86E+17,1572864000,35842752,72706752,,,,,,,,,,,,,,,,,,,,,,,,,,,,,,,,,,,,,
,,2E-03,3.227,3.514,29.588,24.623,3.387,3.204,7.12E+17,3.38E+17,6.86E+17,1572864000,35842752,72706752,,,,,,,,,,,,,,,,,,,,,,,,,,,,,,,,,,,,,
,,4E-03,3.215,3.495,29.460,24.049,3.383,3.180,7.12E+17,3.38E+17,6.86E+17,1572864000,35842752,72706752,,,,,,,,,,,,,,,,,,,,,,,,,,,,,,,,,,,,,
,"22,219",,,,,,,,,,,,35842752,72706752,5.0E-03,23B,,,,,,,,,,,,,,,,,,,,,,,,,,,,,,,,,,,
,,1E-03,2.829,3.585,19.757,13.389,2.984,2.594,4.97E+18,5.01E+18,1.02E+19,23298730634,35842752,72706752,,,,,,,,,,,,,,,,,,,,,,,,,,,,,,,,,,,,,
,,2E-03,2.823,3.578,19.659,13.262,2.979,2.585,4.97E+18,5.01E+18,1.02E+19,23298730634,35842752,72706752,,,,,,,,,,,,,,,,,,,,,,,,,,,,,,,,,,,,,
,,4E-03,2.820,3.575,19.631,13.413,2.977,2.596,4.97E+18,5.01E+18,1.02E+19,23298730634,35842752,72706752,,,,,,,,,,,,,,,,,,,,,,,,,,,,,,,,,,,,,
50M,,,,,,,,,,,,,49165440,90125440,,,,0,32.0K,16,32,512,2048,1.0M,10,640,2560,10,64,1.6M,3.3M,4.9M,13.4K,49.2M,41.0M,90.1M,,,,1.6E+07,9.8E+06,2.0E+07,4.7E+14,1.3E+14,6.0E+14,6.0E+14,17%,34%,21.4%,27.4%,
,500,,,,,,,,,,,,49165440,90125440,3.0E-04,524M,,,,,,,,,,,,,,,,,,,,,,,,,,,,,,,,,,,
,,1E-03,4.069,4.279,65.068,81.357,4.175,4.399,3.02E+17,1.55E+17,2.84E+17,524288000,49165440,90125440,,,,,,,,,,,,,,,,,,,,,,,,,,,,,,,,,,,,,
,,2E-03,3.850,4.069,53.599,63.878,3.982,4.157,3.02E+17,1.55E+17,2.84E+17,524288000,49165440,90125440,,,,,,,,,,,,,,,,,,,,,,,,,,,,,,,,,,,,,
,,4E-03,3.875,4.095,54.733,65.291,4.002,4.179,3.02E+17,1.55E+17,2.84E+17,524288000,49165440,90125440,,,,,,,,,,,,,,,,,,,,,,,,,,,,,,,,,,,,,
,750,,,,,,,,,,,,49165440,90125440,4.5E-04,786M,,,,,,,,,,,,,,,,,,,,,,,,,,,,,,,,,,,
,,1E-03,3.630,3.968,42.279,43.678,3.744,3.777,4.52E+17,2.32E+17,4.25E+17,786432000,49165440,90125440,,,,,,,,,,,,,,,,,,,,,,,,,,,,,,,,,,,,,
,,2E-03,3.512,3.893,37.959,36.726,3.636,3.603,4.52E+17,2.32E+17,4.25E+17,786432000,49165440,90125440,,,,,,,,,,,,,,,,,,,,,,,,,,,,,,,,,,,,,
,,4E-03,3.528,3.904,38.659,37.086,3.655,3.613,4.52E+17,2.32E+17,4.25E+17,786432000,49165440,90125440,,,,,,,,,,,,,,,,,,,,,,,,,,,,,,,,,,,,,
,"1,000",,,,,,,,,,,,49165440,90125440,6.0E-04,1B,,,,,,,,,,,,,,,,,,,,,,,,,,,,,,,,,,,
,,1E-04,4.867,5.201,134.494,237.124,4.902,5.469,6.03E+17,3.09E+17,5.67E+17,1048576000,49165440,90125440,,,,,,,,,,,,,,,,,,,,,,,,,,,,,,,,,,,,,
,,2E-04,4.411,4.698,87.482,127.127,4.471,4.845,6.03E+17,3.09E+17,5.67E+17,1048576000,49165440,90125440,,,,,,,,,,,,,,,,,,,,,,,,,,,,,,,,,,,,,
,,4E-04,3.868,4.073,53.485,63.614,3.979,4.153,6.03E+17,3.09E+17,5.67E+17,1048576000,49165440,90125440,,,,,,,,,,,,,,,,,,,,,,,,,,,,,,,,,,,,,
,,8E-04,3.479,3.700,37.423,36.083,3.622,3.586,6.03E+17,3.09E+17,5.67E+17,1048576000,49165440,90125440,,,,,,,,,,,,,,,,,,,,,,,,,,,,,,,,,,,,,
,,1E-03,3.405,3.635,34.917,32.344,3.553,3.476,6.03E+17,3.09E+17,5.67E+17,1048576000,49165440,90125440,,,,,,,,,,,,,,,,,,,,,,,,,,,,,,,,,,,,,
,,2E-03,3.320,3.551,32.382,29.010,3.478,3.368,6.03E+17,3.09E+17,5.67E+17,1048576000,49165440,90125440,,,,,,,,,,,,,,,,,,,,,,,,,,,,,,,,,,,,,
,,4E-03,3.352,3.585,33.378,29.552,3.508,3.386,6.03E+17,3.09E+17,5.67E+17,1048576000,49165440,90125440,,,,,,,,,,,,,,,,,,,,,,,,,,,,,,,,,,,,,
,,8E-03,3.884,4.083,55.261,58.493,4.012,4.069,6.03E+17,3.09E+17,5.67E+17,1048576000,49165440,90125440,,,,,,,,,,,,,,,,,,,,,,,,,,,,,,,,,,,,,
,"1,250",,,,,,,,,,,,49165440,90125440,7.5E-04,1B,,,,,,,,,,,,,,,,,,,,,,,,,,,,,,,,,,,
,,1E-03,3.309,3.604,31.496,27.598,3.450,3.318,7.54E+17,3.87E+17,7.09E+17,1310720000,49165440,90125440,,,,,,,,,,,,,,,,,,,,,,,,,,,,,,,,,,,,,
,,2E-03,3.245,3.546,29.709,25.333,3.391,3.232,7.54E+17,3.87E+17,7.09E+17,1310720000,49165440,90125440,,,,,,,,,,,,,,,,,,,,,,,,,,,,,,,,,,,,,
,,4E-03,3.263,3.570,30.306,25.415,3.411,3.235,7.54E+17,3.87E+17,7.09E+17,1310720000,49165440,90125440,,,,,,,,,,,,,,,,,,,,,,,,,,,,,,,,,,,,,
,"1,500",,,,,,,,,,,,49165440,90125440,9.0E-04,2B,,,,,,,,,,,,,,,,,,,,,,,,,,,,,,,,,,,
,,1E-03,3.218,3.500,29.195,24.743,3.374,3.209,9.05E+17,4.64E+17,8.51E+17,1572864000,49165440,90125440,,,,,,,,,,,,,,,,,,,,,,,,,,,,,,,,,,,,,
,,2E-03,3.163,3.441,27.800,22.986,3.325,3.135,9.05E+17,4.64E+17,8.51E+17,1572864000,49165440,90125440,,,,,,,,,,,,,,,,,,,,,,,,,,,,,,,,,,,,,
,,4E-03,3.177,3.456,28.266,23.043,3.342,3.137,9.05E+17,4.64E+17,8.51E+17,1572864000,49165440,90125440,,,,,,,,,,,,,,,,,,,,,,,,,,,,,,,,,,,,,
,"1,800",,,,,,,,,,,,49165440,90125440,1.1E-03,2B,,,,,,,,,,,,,,,,,,,,,,,,,,,,,,,,,,,
,,1E-03,3.158,3.501,27.428,22.550,3.312,3.116,1.09E+18,5.57E+17,1.02E+18,1887436800,49165440,90125440,,,,,,,,,,,,,,,,,,,,,,,,,,,,,,,,,,,,,
,,2E-03,3.114,3.467,26.355,21.154,3.272,3.052,1.09E+18,5.57E+17,1.02E+18,1887436800,49165440,90125440,,,,,,,,,,,,,,,,,,,,,,,,,,,,,,,,,,,,,
,,4E-03,3.123,3.479,26.600,21.161,3.281,3.052,1.09E+18,5.57E+17,1.02E+18,1887436800,49165440,90125440,,,,,,,,,,,,,,,,,,,,,,,,,,,,,,,,,,,,,
,"2,000",,,,,,,,,,,,49165440,90125440,1.2E-03,2B,,,,,,,,,,,,,,,,,,,,,,,,,,,,,,,,,,,
,,1E-03,3.147,3.387,26.498,21.473,3.277,3.067,1.21E+18,6.19E+17,1.13E+18,2097152000,49165440,90125440,,,,,,,,,,,,,,,,,,,,,,,,,,,,,,,,,,,,,
,,2E-03,3.106,3.342,25.531,20.245,3.240,3.008,1.21E+18,6.19E+17,1.13E+18,2097152000,49165440,90125440,,,,,,,,,,,,,,,,,,,,,,,,,,,,,,,,,,,,,
,,4E-03,3.112,3.351,25.747,20.271,3.248,3.009,1.21E+18,6.19E+17,1.13E+18,2097152000,49165440,90125440,,,,,,,,,,,,,,,,,,,,,,,,,,,,,,,,,,,,,
,"2,500",,,,,,,,,,,,49165440,90125440,1.5E-03,3B,,,,,,,,,,,,,,,,,,,,,,,,,,,,,,,,,,,
,,1E-03,3.049,3.334,24.912,19.592,3.215,2.975,1.51E+18,7.73E+17,1.42E+18,2621440000,49165440,90125440,,,,,,,,,,,,,,,,,,,,,,,,,,,,,,,,,,,,,
,,2E-03,3.013,3.292,24.104,18.628,3.182,2.925,1.51E+18,7.73E+17,1.42E+18,2621440000,49165440,90125440,,,,,,,,,,,,,,,,,,,,,,,,,,,,,,,,,,,,,
,,4E-03,3.022,3.299,24.401,18.806,3.195,2.934,1.51E+18,7.73E+17,1.42E+18,2621440000,49165440,90125440,,,,,,,,,,,,,,,,,,,,,,,,,,,,,,,,,,,,,
,"4,000",,,,,,,,,,,,49165440,90125440,2.4E-03,4B,,,,,,,,,,,,,,,,,,,,,,,,,,,,,,,,,,,
,,1E-03,2.957,3.302,22.528,16.940,3.115,2.830,2.41E+18,1.24E+18,2.27E+18,4194304000,49165440,90125440,,,,,,,,,,,,,,,,,,,,,,,,,,,,,,,,,,,,,
,,2E-03,2.934,3.284,22.025,16.357,3.092,2.795,2.41E+18,1.24E+18,2.27E+18,4194304000,49165440,90125440,,,,,,,,,,,,,,,,,,,,,,,,,,,,,,,,,,,,,
,,4E-03,2.945,3.291,22.370,16.547,3.108,2.806,2.41E+18,1.24E+18,2.27E+18,4194304000,49165440,90125440,,,,,,,,,,,,,,,,,,,,,,,,,,,,,,,,,,,,,
,"16,000",,,,,,,,,,,,49165440,90125440,9.6E-03,17B,,,,,,,,,,,,,,,,,,,,,,,,,,,,,,,,,,,
,,1E-03,2.785,3.013,18.729,12.785,2.930,2.548,9.65E+18,4.95E+18,9.07E+18,16777216000,49165440,90125440,,,,,,,,,,,,,,,,,,,,,,,,,,,,,,,,,,,,,
,,2E-03,2.785,3.009,18.757,12.765,2.932,2.547,9.65E+18,4.95E+18,9.07E+18,16777216000,49165440,90125440,,,,,,,,,,,,,,,,,,,,,,,,,,,,,,,,,,,,,
,,4E-03,2.791,3.018,18.895,12.920,2.939,2.559,9.65E+18,4.95E+18,9.07E+18,16777216000,49165440,90125440,,,,,,,,,,,,,,,,,,,,,,,,,,,,,,,,,,,,,
,"63,991",,,,,,,,,,,,49165440,90125440,1.4E-02,67B,,,,,,,,,,,,,,,,,,,,,,,,,,,,,,,,,,,
,,1E-03,,,,,,,1.43E+19,1.98E+19,3.63E+19,67099473074,49165440,90125440,,,,,,,,,,,,,,,,,,,,,,,,,,,,,,,,,,,,,
,,2E-03,,,,,,,1.43E+19,1.98E+19,3.63E+19,67099473074,49165440,90125440,,,,,,,,,,,,,,,,,,,,,,,,,,,,,,,,,,,,,
,,4E-03,,,,,,,1.43E+19,1.98E+19,3.63E+19,67099473074,49165440,90125440,,,,,,,,,,,,,,,,,,,,,,,,,,,,,,,,,,,,,
70M,,,,,,,,,,,,,71386304,116442304,,,,0,32.0K,16,32,512,2048,1.0M,12,704,2816,11,64,2.0M,4.0M,5.9M,17.6K,71.4M,45.1M,116.4M,,,,1.7E+07,1.2E+07,2.4E+07,6.7E+14,1.4E+14,8.1E+14,8.1E+14,19%,37%,17.5%,26.9%,
,500,,,,,,,,,,,,71386304,116442304,4.0E-04,524M,,,,,,,,,,,,,,,,,,,,,,,,,,,,,,,,,,,
,,1E-03,3.927,4.134,57.223,70.158,4.047,4.251,4.04E+17,2.25E+17,3.66E+17,524288000,71386304,116442304,,,,,,,,,,,,,,,,,,,,,,,,,,,,,,,,,,,,,
,,2E-03,3.765,3.988,49.540,58.191,3.903,4.064,4.04E+17,2.25E+17,3.66E+17,524288000,71386304,116442304,,,,,,,,,,,,,,,,,,,,,,,,,,,,,,,,,,,,,
,,4E-03,3.895,4.114,55.532,66.874,4.017,4.203,4.04E+17,2.25E+17,3.66E+17,524288000,71386304,116442304,,,,,,,,,,,,,,,,,,,,,,,,,,,,,,,,,,,,,
,750,,,,,,,,,,,,71386304,116442304,6.1E-04,786M,,,,,,,,,,,,,,,,,,,,,,,,,,,,,,,,,,,
,,1E-03,3.525,3.891,38.372,38.406,3.647,3.648,6.06E+17,3.37E+17,5.49E+17,786432000,71386304,116442304,,,,,,,,,,,,,,,,,,,,,,,,,,,,,,,,,,,,,
,,2E-03,3.445,3.838,35.667,34.073,3.574,3.528,6.06E+17,3.37E+17,5.49E+17,786432000,71386304,116442304,,,,,,,,,,,,,,,,,,,,,,,,,,,,,,,,,,,,,
,,4E-03,3.500,3.881,37.617,35.683,3.627,3.575,6.06E+17,3.37E+17,5.49E+17,786432000,71386304,116442304,,,,,,,,,,,,,,,,,,,,,,,,,,,,,,,,,,,,,
,"1,000",,,,,,,,,,,,71386304,116442304,8.1E-04,1B,,,,,,,,,,,,,,,,,,,,,,,,,,,,,,,,,,,
,,1E-03,3.323,3.551,32.324,29.521,3.476,3.385,8.08E+17,4.49E+17,7.33E+17,1048576000,71386304,116442304,,,,,,,,,,,,,,,,,,,,,,,,,,,,,,,,,,,,,
,,2E-03,3.260,3.492,30.456,27.134,3.416,3.301,8.08E+17,4.49E+17,7.33E+17,1048576000,71386304,116442304,,,,,,,,,,,,,,,,,,,,,,,,,,,,,,,,,,,,,
,,4E-03,3.300,3.530,31.700,28.025,3.456,3.333,8.08E+17,4.49E+17,7.33E+17,1048576000,71386304,116442304,,,,,,,,,,,,,,,,,,,,,,,,,,,,,,,,,,,,,
,"1,250",,,,,,,,,,,,71386304,116442304,1.0E-03,1B,,,,,,,,,,,,,,,,,,,,,,,,,,,,,,,,,,,
,,1E-03,3.228,3.529,29.065,25.104,3.370,3.223,1.01E+18,5.61E+17,9.16E+17,1310720000,71386304,116442304,,,,,,,,,,,,,,,,,,,,,,,,,,,,,,,,,,,,,
,,2E-03,3.174,3.488,27.671,23.507,3.320,3.157,1.01E+18,5.61E+17,9.16E+17,1310720000,71386304,116442304,,,,,,,,,,,,,,,,,,,,,,,,,,,,,,,,,,,,,
,,4E-03,3.217,3.524,28.934,24.189,3.365,3.186,1.01E+18,5.61E+17,9.16E+17,1310720000,71386304,116442304,,,,,,,,,,,,,,,,,,,,,,,,,,,,,,,,,,,,,
,"1,500",,,,,,,,,,,,71386304,116442304,1.2E-03,2B,,,,,,,,,,,,,,,,,,,,,,,,,,,,,,,,,,,
,,1E-03,3.139,3.425,27.036,22.568,3.297,3.117,1.21E+18,6.74E+17,1.10E+18,1572864000,71386304,116442304,,,,,,,,,,,,,,,,,,,,,,,,,,,,,,,,,,,,,
,,2E-03,3.092,3.371,25.875,21.285,3.253,3.058,1.21E+18,6.74E+17,1.10E+18,1572864000,71386304,116442304,,,,,,,,,,,,,,,,,,,,,,,,,,,,,,,,,,,,,
,,4E-03,3.138,3.413,27.204,22.141,3.303,3.097,1.21E+18,6.74E+17,1.10E+18,1572864000,71386304,116442304,,,,,,,,,,,,,,,,,,,,,,,,,,,,,,,,,,,,,
,"2,000",,,,,,,,,,,,71386304,116442304,1.6E-03,2B,,,,,,,,,,,,,,,,,,,,,,,,,,,,,,,,,,,
,,1E-03,3.067,3.304,24.475,19.464,3.198,2.969,1.62E+18,8.98E+17,1.47E+18,2097152000,71386304,116442304,,,,,,,,,,,,,,,,,,,,,,,,,,,,,,,,,,,,,
,,2E-03,3.037,3.276,23.837,18.773,3.171,2.932,1.62E+18,8.98E+17,1.47E+18,2097152000,71386304,116442304,,,,,,,,,,,,,,,,,,,,,,,,,,,,,,,,,,,,,
,,4E-03,3.070,3.306,24.657,19.354,3.205,2.963,1.62E+18,8.98E+17,1.47E+18,2097152000,71386304,116442304,,,,,,,,,,,,,,,,,,,,,,,,,,,,,,,,,,,,,
,"2,500",,,,,,,,,,,,71386304,116442304,2.0E-03,3B,,,,,,,,,,,,,,,,,,,,,,,,,,,,,,,,,,,
,,1E-03,2.973,3.251,23.135,17.867,3.141,2.883,2.02E+18,1.12E+18,1.83E+18,2621440000,71386304,116442304,,,,,,,,,,,,,,,,,,,,,,,,,,,,,,,,,,,,,
,,2E-03,2.944,3.227,22.524,17.297,3.115,2.851,2.02E+18,1.12E+18,1.83E+18,2621440000,71386304,116442304,,,,,,,,,,,,,,,,,,,,,,,,,,,,,,,,,,,,,
,,4E-03,2.981,3.262,23.450,17.910,3.155,2.885,2.02E+18,1.12E+18,1.83E+18,2621440000,71386304,116442304,,,,,,,,,,,,,,,,,,,,,,,,,,,,,,,,,,,,,
,"3,000",,,,,,,,,,,,71386304,116442304,2.4E-03,3B,,,,,,,,,,,,,,,,,,,,,,,,,,,,,,,,,,,
,,1E-03,2.932,3.326,22.127,16.792,3.097,2.821,2.43E+18,1.35E+18,2.20E+18,3145728000,71386304,116442304,,,,,,,,,,,,,,,,,,,,,,,,,,,,,,,,,,,,,
,,2E-03,2.908,3.304,21.594,16.315,3.072,2.792,2.43E+18,1.35E+18,2.20E+18,3145728000,71386304,116442304,,,,,,,,,,,,,,,,,,,,,,,,,,,,,,,,,,,,,
,,4E-03,2.938,3.340,22.373,16.854,3.108,2.825,2.43E+18,1.35E+18,2.20E+18,3145728000,71386304,116442304,,,,,,,,,,,,,,,,,,,,,,,,,,,,,,,,,,,,,
100M,"1,000",,,,,,,,,,,,99112704,148264704,1.1E-03,1B,,0,32.0K,16,32,512,2048,1.0M,14,768,3072,12,64,2.4M,4.7M,7.1M,22.3K,99.1M,49.2M,148.3M,,,,1.9E+07,1.4E+07,2.8E+07,9.0E+14,1.5E+14,1.1E+15,1.1E+15,20%,39%,14.7%,26.3%,
,,1E-03,3.825,4.040,52.650,54.511,3.964,3.998,1.06E+18,6.24E+17,9.33E+17,1048576000,99112704,148264704,,,,,,,,,,,,,,,,,,,,,,,,,,,,,,,,,,,,,
,,2E-03,3.654,3.889,45.125,42.395,3.809,3.747,1.06E+18,6.24E+17,9.33E+17,1048576000,99112704,148264704,,,,,,,,,,,,,,,,,,,,,,,,,,,,,,,,,,,,,
,,4E-03,4.363,4.632,83.806,111.477,4.428,4.714,1.06E+18,6.24E+17,9.33E+17,1048576000,99112704,148264704,,,,,,,,,,,,,,,,,,,,,,,,,,,,,,,,,,,,,
,"1,500",,,,,,,,,,,,99112704,148264704,1.6E-03,2B,,,,,,,,,,,,,,,,,,,,,,,,,,,,,,,,,,,
,,1E-03,3.105,3.381,26.066,21.775,3.261,3.081,1.58E+18,9.35E+17,1.40E+18,1572864000,99112704,148264704,,,,,,,,,,,,,,,,,,,,,,,,,,,,,,,,,,,,,
,,2E-03,3.050,3.327,24.771,20.313,3.210,3.011,1.58E+18,9.35E+17,1.40E+18,1572864000,99112704,148264704,,,,,,,,,,,,,,,,,,,,,,,,,,,,,,,,,,,,,
,,4E-03,3.109,3.383,26.377,21.504,3.273,3.068,1.58E+18,9.35E+17,1.40E+18,1572864000,99112704,148264704,,,,,,,,,,,,,,,,,,,,,,,,,,,,,,,,,,,,,
,"2,000",,,,,,,,,,,,99112704,148264704,2.1E-03,2B,,,,,,,,,,,,,,,,,,,,,,,,,,,,,,,,,,,
,,1E-04,4.106,4.356,63.907,86.019,4.157,4.455,2.11E+18,1.25E+18,1.87E+18,2097152000,99112704,148264704,,,,,,,,,,,,,,,,,,,,,,,,,,,,,,,,,,,,,
,,2E-04,3.516,3.766,37.472,38.192,3.624,3.643,2.11E+18,1.25E+18,1.87E+18,2097152000,99112704,148264704,,,,,,,,,,,,,,,,,,,,,,,,,,,,,,,,,,,,,
,,4E-04,3.207,3.454,27.937,24.237,3.330,3.188,2.11E+18,1.25E+18,1.87E+18,2097152000,99112704,148264704,,,,,,,,,,,,,,,,,,,,,,,,,,,,,,,,,,,,,
,,8E-04,3.060,3.301,24.255,19.530,3.189,2.972,2.11E+18,1.25E+18,1.87E+18,2097152000,99112704,148264704,,,,,,,,,,,,,,,,,,,,,,,,,,,,,,,,,,,,,
,,1E-03,3.029,3.267,23.546,18.767,3.159,2.932,2.11E+18,1.25E+18,1.87E+18,2097152000,99112704,148264704,,,,,,,,,,,,,,,,,,,,,,,,,,,,,,,,,,,,,
,,2E-03,2.993,3.229,22.757,17.906,3.125,2.885,2.11E+18,1.25E+18,1.87E+18,2097152000,99112704,148264704,,,,,,,,,,,,,,,,,,,,,,,,,,,,,,,,,,,,,
,,4E-03,3.036,3.271,23.835,18.659,3.171,2.926,2.11E+18,1.25E+18,1.87E+18,2097152000,99112704,148264704,,,,,,,,,,,,,,,,,,,,,,,,,,,,,,,,,,,,,
,,8E-03,4.653,4.891,109.932,132.080,4.700,4.883,2.11E+18,1.25E+18,1.87E+18,2097152000,99112704,148264704,,,,,,,,,,,,,,,,,,,,,,,,,,,,,,,,,,,,,
,"2,500",,,,,,,,,,,,99112704,148264704,2.6E-03,3B,,,,,,,,,,,,,,,,,,,,,,,,,,,,,,,,,,,
,,1E-03,2.932,3.213,22.139,17.210,3.097,2.845,2.64E+18,1.56E+18,2.33E+18,2621440000,99112704,148264704,,,,,,,,,,,,,,,,,,,,,,,,,,,,,,,,,,,,,
,,2E-03,2.899,3.182,21.522,16.467,3.069,2.801,2.64E+18,1.56E+18,2.33E+18,2621440000,99112704,148264704,,,,,,,,,,,,,,,,,,,,,,,,,,,,,,,,,,,,,
,,4E-03,2.930,3.213,22.243,17.006,3.102,2.834,2.64E+18,1.56E+18,2.33E+18,2621440000,99112704,148264704,,,,,,,,,,,,,,,,,,,,,,,,,,,,,,,,,,,,,
,"3,000",,,,,,,,,,,,99112704,148264704,3.2E-03,3B,,,,,,,,,,,,,,,,,,,,,,,,,,,,,,,,,,,
,,1E-03,2.889,3.285,21.114,16.054,3.050,2.776,3.17E+18,1.87E+18,2.80E+18,3145728000,99112704,148264704,,,,,,,,,,,,,,,,,,,,,,,,,,,,,,,,,,,,,
,,2E-03,2.864,3.263,20.629,15.535,3.027,2.743,3.17E+18,1.87E+18,2.80E+18,3145728000,99112704,148264704,,,,,,,,,,,,,,,,,,,,,,,,,,,,,,,,,,,,,
,,4E-03,2.900,3.297,21.476,16.130,3.067,2.781,3.17E+18,1.87E+18,2.80E+18,3145728000,99112704,148264704,,,,,,,,,,,,,,,,,,,,,,,,,,,,,,,,,,,,,
,"4,000",,,,,,,,,,,,99112704,148264704,4.2E-03,4B,,,,,,,,,,,,,,,,,,,,,,,,,,,,,,,,,,,
,,1E-03,2.835,3.177,19.924,14.717,2.992,2.689,4.22E+18,2.49E+18,3.73E+18,4194304000,99112704,148264704,,,,,,,,,,,,,,,,,,,,,,,,,,,,,,,,,,,,,
,,2E-03,2.815,3.157,19.575,14.377,2.974,2.666,4.22E+18,2.49E+18,3.73E+18,4194304000,99112704,148264704,,,,,,,,,,,,,,,,,,,,,,,,,,,,,,,,,,,,,
,,4E-03,2.846,3.189,20.259,14.853,3.009,2.698,4.22E+18,2.49E+18,3.73E+18,4194304000,99112704,148264704,,,,,,,,,,,,,,,,,,,,,,,,,,,,,,,,,,,,,
130M,"2,000",,,,,,,,,,,,132934464,186182464,5.5E-04,2B,,0,32.0K,16,32,512,2048,1.0M,16,832,3328,13,64,2.8M,5.5M,8.3M,27.5K,132.9M,53.2M,186.2M,,,,2.0E+07,1.7E+07,3.3E+07,1.2E+15,1.7E+14,1.3E+15,1.3E+15,21%,41%,12.4%,25.5%,
160M,,,,,,,,,,,,,163805824,221149824,,,,0,32.0K,16,32,512,2048,1.0M,17,896,3584,14,64,3.2M,6.4M,9.6M,31.4K,163.8M,57.3M,221.1M,,,,2.2E+07,1.9E+07,3.9E+07,1.4E+15,1.8E+14,1.6E+15,1.6E+15,21%,43%,11.3%,24.5%,
200M,,,,,,,,,,,,,199101120,,,,,0,32.0K,16,32,512,2048,1.0M,18,960,3840,15,64,3.7M,7.4M,11.1M,35.5K,199.1M,61.4M,260.5M,,,,2.4E+07,2.2E+07,4.4E+07,1.7E+15,1.9E+14,1.9E+15,1.9E+15,22%,44%,10.2%,23.5%,
,"4,000",,,,,,,,,,,,199101120,,7.6E-03,4B,,,,,,,,,,,,,,,,,,,,,,,,,,,,,,,,,,,
,,1E-04,3.208,3.546,28.631,25.943,3.355,3.256,7.56E+18,5.01E+18,6.56E+18,4194304000,199101120,260541120,,,,,,,,,,,,,,,,,,,,,,,,,,,,,,,,,,,,,
,,2E-04,2.940,3.281,21.993,17.677,3.091,2.872,7.56E+18,5.01E+18,6.56E+18,4194304000,199101120,260541120,,,,,,,,,,,,,,,,,,,,,,,,,,,,,,,,,,,,,
,,4E-04,2.801,3.141,19.165,14.417,2.953,2.668,7.56E+18,5.01E+18,6.56E+18,4194304000,199101120,260541120,,,,,,,,,,,,,,,,,,,,,,,,,,,,,,,,,,,,,
,,8E-04,2.738,3.074,18.041,13.242,2.893,2.583,7.56E+18,5.01E+18,6.56E+18,4194304000,199101120,260541120,,,,,,,,,,,,,,,,,,,,,,,,,,,,,,,,,,,,,
,,1E-03,2.725,3.060,17.837,12.987,2.881,2.564,7.56E+18,5.01E+18,6.56E+18,4194304000,199101120,260541120,,,,,,,,,,,,,,,,,,,,,,,,,,,,,,,,,,,,,
,,2E-03,2.725,3.064,17.902,12.906,2.885,2.558,7.56E+18,5.01E+18,6.56E+18,4194304000,199101120,260541120,,,,,,,,,,,,,,,,,,,,,,,,,,,,,,,,,,,,,
,,4E-03,3.430,3.776,36.191,29.076,3.589,3.370,7.56E+18,5.01E+18,6.56E+18,4194304000,199101120,260541120,,,,,,,,,,,,,,,,,,,,,,,,,,,,,,,,,,,,,
,,8E-03,4.388,4.660,86.588,94.823,4.461,4.552,7.56E+18,5.01E+18,6.56E+18,4194304000,199101120,260541120,,,,,,,,,,,,,,,,,,,,,,,,,,,,,,,,,,,,,
400M,,,,,,,,,,,,,,,,,,0,32.0K,32,16,512,2048,1.0M,20,1280,5120,20,64,6.6M,13.1M,19.7M,52.5K,393.3M,81.9M,475.2M,,,,3.1E+07,3.9E+07,7.9E+07,3.1E+15,2.6E+14,3.4E+15,3.4E+15,24%,49%,7.6%,19.5%,
,"8,000",,,,,,,,,,,,,,1.5E-02,8B,,,,,,,,,,,,,,,,,,,,,,,,,,,,,,,,,,,
,,1E-04,2.712,3.178,17.890,13.279,2.884,2.586,1.51E+19,1.98E+19,2.39E+19,8388608000,393268480,475188480,,,,,,,,,,,,,,,,,,,,,,,,,,,,,,,,,,,,,
,,2E-04,2.582,3.035,15.751,11.053,2.757,2.403,1.51E+19,1.98E+19,2.39E+19,8388608000,393268480,475188480,,,,,,,,,,,,,,,,,,,,,,,,,,,,,,,,,,,,,
,,4E-04,2.517,2.958,14.797,10.097,2.694,2.312,1.51E+19,1.98E+19,2.39E+19,8388608000,393268480,475188480,,,,,,,,,,,,,,,,,,,,,,,,,,,,,,,,,,,,,
,,8E-04,2.487,2.915,14.389,9.577,2.666,2.259,1.51E+19,1.98E+19,2.39E+19,8388608000,393268480,475188480,,,,,,,,,,,,,,,,,,,,,,,,,,,,,,,,,,,,,
,,1E-03,2.490,2.921,14.456,9.629,2.671,2.265,1.51E+19,1.98E+19,2.39E+19,8388608000,393268480,475188480,,,,,,,,,,,,,,,,,,,,,,,,,,,,,,,,,,,,,
,,2E-03,2.531,2.998,15.085,10.129,2.714,2.315,1.51E+19,1.98E+19,2.39E+19,8388608000,393268480,475188480,,,,,,,,,,,,,,,,,,,,,,,,,,,,,,,,,,,,,
,,4E-03,3.779,4.152,49.523,46.120,3.902,3.831,1.51E+19,1.98E+19,2.39E+19,8388608000,393268480,475188480,,,,,,,,,,,,,,,,,,,,,,,,,,,,,,,,,,,,,
,,8E-03,2.959,3.417,23.309,17.222,3.149,2.846,1.51E+19,1.98E+19,2.39E+19,8388608000,393268480,475188480,,,,,,,,,,,,,,,,,,,,,,,,,,,,,,,,,,,,,
7B,,,,,,,,,,,,,6442717184,,,,1856k,0,32.0K,512,4,1024,4096,4.2M,32,4096,16384,32,128,67.1M,134.2M,201.3M,266.2K,6.4B,262.1M,6.7B,#REF!,#REF!,#REF!,2.0E+08,4.0E+08,8.1E+08,1.9E+17,3.3E+15,1.9E+17,1.9E+17,28%,56%,1.7%,14.0%,0.000
,"500,000",,,,,,,,,,,,6442717184,,9.5E-01,2097B,,,,,,,,,,,,,,,,,,,,,,,,,,,,,,,,,,,
,,1E-03,,,,,,,9.45E+20,8.11E+22,8.44E+22,2097152000000,6442717184,6704861184,,,,,,,,,,,,,,,,,,,,,,,,,,,,,,,,,,,,,
70B,,,,,,,,,,,,,0,,,,,,,,,,,,,,,,,0.0M,0.0M,0,0.0M,0.0M,0.0M,0.0B,,,,,,,,,,,,,,,
,,1E-03,,,,,,,,0.00E+00,0.00E+00,,0,,,,,,,,,,,,,,,,,,,,,,,,,,,,,,,,,,,,,,
,,,,,,,,,,,,,0,,,,,,,,,,,,,,,,,,,,,,,,,,,,,,,,,,,,,,
,,,,,,,,,,,,,0,,,,,,,,,,,,,,,,,,,,,,,,,,,,,,,,,,,,,,
