"Name","train/avg_loss_AVG","train/max_loss_MAX","eval/ppl//fsx-onellm/data/corpora/text_only/text_eval/c4.jsonl","eval/ppl//fsx-onellm/data/corpora/text_only/text_eval/wikipedia.jsonl","Created","Runtime","Notes","State","Updated","Tags","optim.lr","torch_seed","valid.seed","model.moe_ec","model.moe_ec_k","model.moe_everyk","model.moe_load_balance","model.moe_samplek","model.moe_topk","model.moe_topk_k","model.number_of_experts","model.n_layers","model.n_heads","model.spm_model","model.spm_moe_matmul","model.spm_tau","model.switch_transformer","batch_size","steps","optim/n_tokens","train/step","train/wps"
"moe_bsz1M.ngpu16_20240225-094706.model-12m.moe-gshard.lr_4e-3,number_of_experts_4","4.498388767242432","4.794472694396973","96.71059714596792","131.58990907384714","2024-02-25T10:16:21.000Z","160","-","failed","2024-02-26T19:07:00.000Z","a=gshard, experts=4","0.004","0","42","false","2","4","0","false","true","2","4","5","7","false","true","1","false","32","250","262144000","250","170511.70301102987"
"moe_bsz1M.ngpu16_20240225-102526.model-12m.moe-gshard.lr_1e-3,number_of_experts_4,moe_load_balance_1","4.8370585441589355","5.187912940979004","133.01864627968854","213.87050746871623","2024-02-25T11:04:31.000Z","160","-","failed","2024-02-26T19:07:00.000Z","a=gshard, experts=4","0.001","0","42","false","2","4","1","false","true","2","4","5","7","false","true","1","false","32","250","262144000","250","163572.22939797977"
"moe_bsz1M.ngpu16_20240225-094706.model-12m.moe-gshard.lr_8e-3,number_of_experts_4","4.761170864105225","5.0995025634765625","124.67666074202474","166.11877775022785","2024-02-25T10:15:48.000Z","161","-","failed","2024-02-26T19:07:17.000Z","a=gshard, experts=4","0.008","0","42","false","2","4","0","false","true","2","4","5","7","false","true","1","false","32","250","262144000","250","165773.02893644228"
"moe_bsz1M.ngpu16_20240225-102526.model-12m.moe-gshard.lr_2e-3,number_of_experts_4,moe_load_balance_0.5","4.5792317390441895","4.888217449188232","104.24456709664705","151.2656959786896","2024-02-25T10:54:46.000Z","161","-","failed","2024-02-26T19:07:00.000Z","a=gshard, experts=4","0.002","0","42","false","2","4","0.5","false","true","2","4","5","7","false","true","1","false","32","250","262144000","250","156402.82745011017"
"moe_bsz1M.ngpu16_20240225-094706.model-12m.moe-gshard.lr_4e-4,number_of_experts_4","5.288211822509766","5.633337020874023","200.8392621053765","390.8343435051798","2024-02-25T10:10:58.000Z","162","-","failed","2024-02-26T19:07:17.000Z","a=gshard, experts=4","0.0004","0","42","false","2","4","0","false","true","2","4","5","7","false","true","1","false","32","250","262144000","250","164066.8828424889"
"moe_bsz1M.ngpu16_20240225-102526.model-12m.moe-gshard.lr_8e-3,number_of_experts_4,moe_load_balance_0.5","4.753522872924805","5.109816074371338","124.20516115808567","164.8806835206666","2024-02-25T10:48:38.000Z","162","-","failed","2024-02-26T19:07:17.000Z","a=gshard, experts=4","0.008","0","42","false","2","4","0.5","false","true","2","4","5","7","false","true","1","false","32","250","262144000","250","168457.3387119081"
"moe_bsz1M.ngpu16_20240225-102526.model-12m.moe-gshard.lr_2e-3,number_of_experts_4,moe_load_balance_1","4.591394901275635","4.91586971282959","105.75619404902424","152.27367897477555","2024-02-25T11:04:32.000Z","163","-","failed","2024-02-26T19:07:00.000Z","a=gshard, experts=4","0.002","0","42","false","2","4","1","false","true","2","4","5","7","false","true","1","false","32","250","262144000","250","154666.1100651874"
"moe_bsz1M.ngpu16_20240225-102526.model-12m.moe-gshard.lr_4e-3,number_of_experts_4,moe_load_balance_0.5","4.512999057769775","4.794155120849609","97.97571657337603","134.4975267906822","2024-02-25T10:50:47.000Z","163","-","failed","2024-02-26T19:07:00.000Z","a=gshard, experts=4","0.004","0","42","false","2","4","0.5","false","true","2","4","5","7","false","true","1","false","32","250","262144000","250","166164.75964112248"
"moe_bsz1M.ngpu16_20240225-094706.model-12m.moe-gshard.lr_1e-3,number_of_experts_4","4.829451560974121","5.173459529876709","132.16533902163425","212.0010797292532","2024-02-25T10:30:20.000Z","164","-","failed","2024-02-26T19:07:00.000Z","a=gshard, experts=4","0.001","0","42","false","2","4","0","false","true","2","4","5","7","false","true","1","false","32","250","262144000","250","164874.6979177219"
"moe_bsz1M.ngpu16_20240225-102526.model-12m.moe-gshard.lr_8e-3,number_of_experts_4,moe_load_balance_1","4.766534805297852","5.112437725067139","125.40288918790316","167.41042737251277","2024-02-25T10:46:05.000Z","164","-","failed","2024-02-26T19:07:17.000Z","a=gshard, experts=4","0.008","0","42","false","2","4","1","false","true","2","4","5","7","false","true","1","false","32","250","262144000","250","162857.25357856043"
"moe_bsz1M.ngpu16_20240225-102526.model-12m.moe-gshard.lr_4e-3,number_of_experts_4,moe_load_balance_1","4.502777099609375","4.7955098152160645","97.09620448075418","131.9314251190204","2024-02-25T10:43:17.000Z","165","-","failed","2024-02-26T19:07:00.000Z","a=gshard, experts=4","0.004","0","42","false","2","4","1","false","true","2","4","5","7","false","true","1","false","32","250","262144000","250","160783.9191513664"
"moe_bsz1M.ngpu16_20240225-094706.model-12m.moe-gshard.lr_2e-3,number_of_experts_4","4.579191207885742","4.8908562660217285","104.37808286060304","150.70554600915165","2024-02-25T10:21:38.000Z","166","-","failed","2024-02-26T19:07:00.000Z","a=gshard, experts=4","0.002","0","42","false","2","4","0","false","true","2","4","5","7","false","true","1","false","32","250","262144000","250","158928.55779063795"
"moe_bsz1M.ngpu16_20240225-102526.model-12m.moe-gshard.lr_1e-3,number_of_experts_4,moe_load_balance_0.5","4.828266143798828","5.170300483703613","131.77510515045995","213.11453787651743","2024-02-25T10:42:54.000Z","166","-","failed","2024-02-26T19:07:00.000Z","a=gshard, experts=4","0.001","0","42","false","2","4","0.5","false","true","2","4","5","7","false","true","1","false","32","250","262144000","250","161904.96908324386"
"moe_bsz1M.ngpu16_20240225-094706.model-12m.moe-gshard.lr_8e-3,number_of_experts_16","4.7109856605529785","5.090612888336182","118.54829833374755","164.12255757246643","2024-02-25T10:21:46.000Z","179","-","failed","2024-02-26T19:07:17.000Z","a=gshard, experts=16","0.008","0","42","false","2","4","0","false","true","2","16","5","7","false","true","1","false","32","250","262144000","250","139676.0313515043"
"moe_bsz1M.ngpu16_20240225-094706.model-12m.moe-gshard.lr_1e-3,number_of_experts_16","4.740596294403076","5.086677074432373","121.72985136991586","189.3295903935208","2024-02-25T10:17:42.000Z","180","-","failed","2024-02-26T19:06:40.000Z","a=gshard, experts=16","0.001","0","42","false","2","4","0","false","true","2","16","5","7","false","true","1","false","32","250","262144000","250","138318.1835076527"
"moe_bsz1M.ngpu16_20240225-094706.model-12m.moe-gshard.lr_4e-3,number_of_experts_16","4.447366714477539","4.752501487731934","92.68281991825228","122.7387417282958","2024-02-25T10:11:57.000Z","182","-","failed","2024-02-26T19:06:40.000Z","a=gshard, experts=16","0.004","0","42","false","2","4","0","false","true","2","16","5","7","false","true","1","false","32","250","262144000","250","139664.83771590976"
"moe_bsz1M.ngpu16_20240225-102526.model-12m.moe-gshard.lr_4e-3,number_of_experts_16,moe_load_balance_0.5","4.461035251617432","4.77751350402832","93.666284207417","125.33379513739848","2024-02-25T11:02:22.000Z","182","-","failed","2024-02-26T19:06:40.000Z","a=gshard, experts=16","0.004","0","42","false","2","4","0.5","false","true","2","16","5","7","false","true","1","false","32","250","262144000","250","140823.17817490897"
"moe_bsz1M.ngpu16_20240225-102526.model-12m.moe-gshard.lr_2e-3,number_of_experts_16,moe_load_balance_1","4.517186641693115","4.838776111602783","98.85402915149686","136.67282115774006","2024-02-25T10:58:04.000Z","183","-","failed","2024-02-26T19:06:40.000Z","a=gshard, experts=16","0.002","0","42","false","2","4","1","false","true","2","16","5","7","false","true","1","false","32","250","262144000","250","137077.8628343666"
"moe_bsz1M.ngpu16_20240225-102526.model-12m.moe-gshard.lr_8e-3,number_of_experts_16,moe_load_balance_1","4.721165180206299","5.0727152824401855","119.47092019856656","166.81863680340027","2024-02-25T10:35:49.000Z","183","-","failed","2024-02-26T19:07:17.000Z","a=gshard, experts=16","0.008","0","42","false","2","4","1","false","true","2","16","5","7","false","true","1","false","32","250","262144000","250","139861.10050798644"
"moe_bsz1M.ngpu16_20240225-102526.model-12m.moe-gshard.lr_1e-3,number_of_experts_16,moe_load_balance_0.5","4.726613521575928","5.088563442230225","120.02764734035792","186.8164744151212","2024-02-25T11:02:01.000Z","183","-","failed","2024-02-26T19:06:40.000Z","a=gshard, experts=16","0.001","0","42","false","2","4","0.5","false","true","2","16","5","7","false","true","1","false","32","250","262144000","250","138480.18611309546"
"moe_bsz1M.ngpu16_20240225-102526.model-12m.moe-gshard.lr_8e-3,number_of_experts_16,moe_load_balance_0.5","4.725818634033203","5.076834678649902","120.4980313222026","170.082532236648","2024-02-25T10:44:10.000Z","183","-","failed","2024-02-26T19:07:17.000Z","a=gshard, experts=16","0.008","0","42","false","2","4","0.5","false","true","2","16","5","7","false","true","1","false","32","250","262144000","250","140225.06043938285"
"moe_bsz1M.ngpu16_20240225-094706.model-12m.moe-gshard.lr_2e-3,number_of_experts_16","4.515329360961914","4.844707489013672","98.3989724257106","137.83974832337685","2024-02-25T10:32:44.000Z","184","-","failed","2024-02-26T19:06:40.000Z","a=gshard, experts=16","0.002","0","42","false","2","4","0","false","true","2","16","5","7","false","true","1","false","32","250","262144000","250","138048.07477833363"
"moe_bsz1M.ngpu16_20240225-094706.model-12m.moe-gshard.lr_4e-4,number_of_experts_16","5.1614274978637695","5.542215347290039","179.16793411804824","339.43934780359723","2024-02-25T10:31:10.000Z","184","-","failed","2024-02-26T19:07:17.000Z","a=gshard, experts=16","0.0004","0","42","false","2","4","0","false","true","2","16","5","7","false","true","1","false","32","250","262144000","250","138575.13657876055"
"moe_bsz1M.ngpu16_20240225-102526.model-12m.moe-gshard.lr_4e-3,number_of_experts_16,moe_load_balance_1","4.456719398498535","4.767091751098633","93.28663600799648","126.2250663091074","2024-02-25T11:02:45.000Z","185","-","failed","2024-02-26T19:06:40.000Z","a=gshard, experts=16","0.004","0","42","false","2","4","1","false","true","2","16","5","7","false","true","1","false","32","250","262144000","250","137133.17240001552"
"moe_bsz1M.ngpu16_20240225-102526.model-12m.moe-gshard.lr_1e-3,number_of_experts_16,moe_load_balance_1","4.736536502838135","5.0741729736328125","121.18298185604746","189.27223104961175","2024-02-25T11:02:38.000Z","186","-","failed","2024-02-26T19:06:40.000Z","a=gshard, experts=16","0.001","0","42","false","2","4","1","false","true","2","16","5","7","false","true","1","false","32","250","262144000","250","137826.00863690648"
"moe_bsz1M.ngpu16_20240225-102526.model-12m.moe-gshard.lr_2e-3,number_of_experts_16,moe_load_balance_0.5","4.510307788848877","4.826247215270996","97.97410479968552","137.37837841768615","2024-02-25T11:00:50.000Z","187","-","failed","2024-02-26T19:06:40.000Z","a=gshard, experts=16","0.002","0","42","false","2","4","0.5","false","true","2","16","5","7","false","true","1","false","32","250","262144000","250","135511.9945065144"
"moe_bsz1M.ngpu16_20240225-102526.model-12m.moe-gshard.lr_8e-3,number_of_experts_64,moe_load_balance_0.5","4.666953086853027","4.9962968826293945","114.35772885910518","159.23543192612837","2024-02-25T10:59:36.000Z","265","-","failed","2024-02-26T19:07:17.000Z","a=gshard, experts=64","0.008","0","42","false","2","4","0.5","false","true","2","64","5","7","false","true","1","false","32","250","262144000","250","89629.33203568081"
"moe_bsz1M.ngpu16_20240225-102526.model-12m.moe-gshard.lr_8e-3,number_of_experts_64,moe_load_balance_1","4.520590305328369","4.81538724899292","98.5680422691207","136.29696195829925","2024-02-25T10:54:08.000Z","266","-","failed","2024-02-26T19:07:17.000Z","a=gshard, experts=64","0.008","0","42","false","2","4","1","false","true","2","64","5","7","false","true","1","false","32","250","262144000","250","86606.02364648106"
"moe_bsz1M.ngpu16_20240225-094706.model-12m.moe-gshard.lr_8e-3,number_of_experts_64","4.541357040405273","4.841368675231934","100.61635042749568","140.9609154382337","2024-02-25T10:25:22.000Z","267","-","failed","2024-02-26T19:07:17.000Z","a=gshard, experts=64","0.008","0","42","false","2","4","0","false","true","2","64","5","7","false","true","1","false","32","250","262144000","250","88302.94521501186"
"moe_bsz1M.ngpu16_20240225-094706.model-12m.moe-gshard.lr_2e-3,number_of_experts_64","4.470941066741943","4.7927751541137695","95.11678682728666","123.96799671858778","2024-02-25T10:17:55.000Z","269","-","failed","2024-02-26T19:06:24.000Z","a=gshard, experts=64","0.002","0","42","false","2","4","0","false","true","2","64","5","7","false","true","1","false","32","250","262144000","250","85951.2222434109"
"moe_bsz1M.ngpu16_20240225-102526.model-12m.moe-gshard.lr_4e-3,number_of_experts_64,moe_load_balance_1","4.3823723793029785","4.672834396362305","86.84080288535733","113.1111433645496","2024-02-25T10:50:06.000Z","271","-","failed","2024-02-26T19:06:24.000Z","a=gshard, experts=64","0.004","0","42","false","2","4","1","false","true","2","64","5","7","false","true","1","false","32","250","262144000","250","88379.46935428352"
"moe_bsz1M.ngpu16_20240225-102526.model-12m.moe-gshard.lr_1e-3,number_of_experts_64,moe_load_balance_0.5","4.667757034301758","5.006754398345947","114.84849662498976","163.22074914202594","2024-02-25T10:59:13.000Z","271","-","failed","2024-02-26T19:06:24.000Z","a=gshard, experts=64","0.001","0","42","false","2","4","0.5","false","true","2","64","5","7","false","true","1","false","32","250","262144000","250","85879.9990901299"
"moe_bsz1M.ngpu16_20240225-102526.model-12m.moe-gshard.lr_4e-3,number_of_experts_64,moe_load_balance_0.5","4.404088497161865","4.69694709777832","88.9097476806381","115.8121001366673","2024-02-25T10:43:10.000Z","271","-","failed","2024-02-26T19:06:24.000Z","a=gshard, experts=64","0.004","0","42","false","2","4","0.5","false","true","2","64","5","7","false","true","1","false","32","250","262144000","250","86386.83259016991"
"moe_bsz1M.ngpu16_20240225-102526.model-12m.moe-gshard.lr_2e-3,number_of_experts_64,moe_load_balance_1","4.479456424713135","4.77638053894043","95.9575203068024","125.30812622142494","2024-02-25T10:49:18.000Z","272","-","failed","2024-02-26T19:06:24.000Z","a=gshard, experts=64","0.002","0","42","false","2","4","1","false","true","2","64","5","7","false","true","1","false","32","250","262144000","250","86039.29344372943"
"moe_bsz1M.ngpu16_20240225-094706.model-12m.moe-gshard.lr_1e-3,number_of_experts_64","4.664052963256836","5.013497829437256","114.20774434162696","163.63737710009516","2024-02-25T10:33:08.000Z","275","-","failed","2024-02-26T19:06:24.000Z","a=gshard, experts=64","0.001","0","42","false","2","4","0","false","true","2","64","5","7","false","true","1","false","32","250","262144000","250","86797.43813695898"
"moe_bsz1M.ngpu16_20240225-094706.model-12m.moe-gshard.lr_4e-3,number_of_experts_64","4.399257659912109","4.717473983764648","88.33633213527683","113.87689898641123","2024-02-25T10:16:22.000Z","277","-","failed","2024-02-26T19:06:24.000Z","a=gshard, experts=64","0.004","0","42","false","2","4","0","false","true","2","64","5","7","false","true","1","false","32","250","262144000","250","85361.63556166644"
"moe_bsz1M.ngpu16_20240225-102526.model-12m.moe-gshard.lr_2e-3,number_of_experts_64,moe_load_balance_0.5","4.480518817901611","4.801055908203125","96.131241739006","125.40639631676017","2024-02-25T10:54:28.000Z","277","-","failed","2024-02-26T19:06:24.000Z","a=gshard, experts=64","0.002","0","42","false","2","4","0.5","false","true","2","64","5","7","false","true","1","false","32","250","262144000","250","88305.52336375992"
"moe_bsz1M.ngpu16_20240225-094706.model-12m.moe-gshard.lr_4e-4,number_of_experts_64","5.048111915588379","5.394527912139893","161.8067352563598","296.4233513055555","2024-02-25T10:26:20.000Z","278","-","failed","2024-02-26T19:07:17.000Z","a=gshard, experts=64","0.0004","0","42","false","2","4","0","false","true","2","64","5","7","false","true","1","false","32","250","262144000","250","83296.89524265246"
"moe_bsz1M.ngpu16_20240225-102526.model-12m.moe-gshard.lr_1e-3,number_of_experts_64,moe_load_balance_1","4.669548988342285","5.019929885864258","114.7415019821861","164.6063509125004","2024-02-25T11:02:40.000Z","278","-","failed","2024-02-26T19:06:24.000Z","a=gshard, experts=64","0.001","0","42","false","2","4","1","false","true","2","64","5","7","false","true","1","false","32","250","262144000","250","83213.17387054958"
"moe_bsz1M.ngpu16_20240225-094706.model-12m.moe-gshard.lr_8e-3,number_of_experts_256","4.4810614585876465","4.815699100494385","96.00444780659356","125.48453533897349","2024-02-25T10:29:30.000Z","656","-","failed","2024-02-26T19:07:17.000Z","a=gshard, experts=256","0.008","0","42","false","2","4","0","false","true","2","256","5","7","false","true","1","false","32","250","262144000","250","29322.054428154497"
"moe_bsz1M.ngpu16_20240225-102526.model-12m.moe-gshard.lr_8e-3,number_of_experts_256,moe_load_balance_1","4.469372749328613","4.819931983947754","94.47955392497715","124.32540590915671","2024-02-25T11:02:40.000Z","657","-","failed","2024-02-26T19:07:17.000Z","a=gshard, experts=256","0.008","0","42","false","2","4","1","false","true","2","256","5","7","false","true","1","false","32","250","262144000","250","30415.42306200901"
"moe_bsz1M.ngpu16_20240225-102526.model-12m.moe-gshard.lr_8e-3,number_of_experts_256,moe_load_balance_0.5","4.4099650382995605","4.730356216430664","89.35537513303454","114.89115477243264","2024-02-25T10:38:15.000Z","663","-","failed","2024-02-26T19:07:17.000Z","a=gshard, experts=256","0.008","0","42","false","2","4","0.5","false","true","2","256","5","7","false","true","1","false","32","250","262144000","250","30244.268536289008"
"moe_bsz1M.ngpu16_20240225-102526.model-12m.moe-gshard.lr_2e-3,number_of_experts_256,moe_load_balance_0.5","4.446690559387207","4.752333164215088","93.54919375843222","118.95331813329624","2024-02-25T10:59:25.000Z","671","-","failed","2024-02-26T19:06:33.000Z","a=gshard, experts=256","0.002","0","42","false","2","4","0.5","false","true","2","256","5","7","false","true","1","false","32","250","262144000","250","30269.261940070017"
"moe_bsz1M.ngpu16_20240225-094706.model-12m.moe-gshard.lr_2e-3,number_of_experts_256","4.433345317840576","4.76373291015625","92.15218856920404","118.06796443284932","2024-02-25T10:13:07.000Z","680","-","failed","2024-02-26T19:06:33.000Z","a=gshard, experts=256","0.002","0","42","false","2","4","0","false","true","2","256","5","7","false","true","1","false","32","250","262144000","250","29046.442701767955"
"moe_bsz1M.ngpu16_20240225-094706.model-12m.moe-gshard.lr_1e-3,number_of_experts_256","4.613332748413086","4.984230995178223","109.5332150016706","148.11448616591193","2024-02-25T10:16:23.000Z","689","-","failed","2024-02-26T19:06:33.000Z","a=gshard, experts=256","0.001","0","42","false","2","4","0","false","true","2","256","5","7","false","true","1","false","32","250","262144000","250","28863.383737721764"
"moe_bsz1M.ngpu16_20240225-102526.model-12m.moe-gshard.lr_1e-3,number_of_experts_256,moe_load_balance_1","4.614499092102051","4.971235275268555","109.50121343554878","150.00335614016294","2024-02-25T10:56:25.000Z","693","-","failed","2024-02-26T19:06:33.000Z","a=gshard, experts=256","0.001","0","42","false","2","4","1","false","true","2","256","5","7","false","true","1","false","32","250","262144000","250","29532.18940945861"
"moe_bsz1M.ngpu16_20240225-094706.model-12m.moe-gshard.lr_4e-3,number_of_experts_256","4.390360355377197","4.689547538757324","88.10997024893743","111.14120456304263","2024-02-25T10:21:08.000Z","704","-","failed","2024-02-26T19:06:33.000Z","a=gshard, experts=256","0.004","0","42","false","2","4","0","false","true","2","256","5","7","false","true","1","false","32","250","262144000","250","27352.494573507647"
"moe_bsz1M.ngpu16_20240225-102526.model-12m.moe-gshard.lr_1e-3,number_of_experts_256,moe_load_balance_0.5","4.613237380981445","4.9800310134887695","109.56621857534746","149.30830033870615","2024-02-25T10:41:20.000Z","710","-","failed","2024-02-26T19:06:33.000Z","a=gshard, experts=256","0.001","0","42","false","2","4","0.5","false","true","2","256","5","7","false","true","1","false","32","250","262144000","250","27853.7017754206"
"moe_bsz1M.ngpu16_20240225-102526.model-12m.moe-gshard.lr_4e-3,number_of_experts_256,moe_load_balance_0.5","4.376743316650391","4.692409515380859","86.7134955331817","110.78755468714137","2024-02-25T10:56:41.000Z","711","-","failed","2024-02-26T19:06:33.000Z","a=gshard, experts=256","0.004","0","42","false","2","4","0.5","false","true","2","256","5","7","false","true","1","false","32","250","262144000","250","27984.232686314623"
"moe_bsz1M.ngpu16_20240225-102526.model-12m.moe-gshard.lr_2e-3,number_of_experts_256,moe_load_balance_1","4.45841121673584","4.786220550537109","94.87055060151307","120.88571617949684","2024-02-25T10:43:50.000Z","720","-","failed","2024-02-26T19:06:33.000Z","a=gshard, experts=256","0.002","0","42","false","2","4","1","false","true","2","256","5","7","false","true","1","false","32","250","262144000","250","27027.7792861532"
"moe_bsz1M.ngpu16_20240225-094706.model-12m.moe-gshard.lr_4e-4,number_of_experts_256","4.9829864501953125","5.3474836349487305","153.61741508534288","265.17352455901215","2024-02-25T10:30:27.000Z","721","-","failed","2024-02-26T19:07:17.000Z","a=gshard, experts=256","0.0004","0","42","false","2","4","0","false","true","2","256","5","7","false","true","1","false","32","250","262144000","250","25820.32249710299"
"moe_bsz1M_breaklaws.ngpu16_20240226-092950.model-12m.moe-gshard.lr_4e-3,number_of_experts_256","2.989278554916382","3.2823128700256348","23.353375656253828","17.389164376510397","2024-02-26T10:18:36.000Z","13843","-","failed","2024-02-26T19:07:17.000Z","a=gshard, experts=256","0.004","0","42","false","2","4","0","false","true","2","256","5","7","false","true","1","false","32","100000","6307184640","6010","28735.288318460232"
"moe_bsz1M_breaklaws.ngpu16_20240226-092950.model-12m.moe-gshard.lr_4e-3,number_of_experts_4","2.99535608291626","3.234344720840454","23.264819559921833","17.17318341539815","2024-02-26T10:22:37.000Z","15252","-","failed","2024-02-26T19:07:17.000Z","a=gshard, experts=4","0.004","0","42","false","2","4","0","false","true","2","4","5","7","false","true","1","false","32","100000","40551579648","38670","207773.02710088497"
"moe_bsz1M_breaklaws.ngpu16_20240226-092950.model-12m.moe-gshard.lr_1e-3,number_of_experts_16","2.830949544906616","3.126444101333618","20.101908478390367","13.306751611224453","2024-02-26T09:59:03.000Z","18373","-","failed","2024-02-26T19:07:17.000Z","a=gshard, experts=16","0.001","0","42","false","2","4","0","false","true","2","16","5","7","false","true","1","false","32","100000","40894464000","39000","152985.65571829904"
"moe_bsz1M_breaklaws.ngpu16_20240226-092950.model-12m.moe-gshard.lr_2e-3,number_of_experts_4","2.903632640838623","3.1947484016418457","21.85518759840793","15.260203671977797","2024-02-26T09:41:23.000Z","19394","-","failed","2024-02-26T19:07:17.000Z","a=gshard, experts=4","0.002","0","42","false","2","4","0","false","true","2","4","5","7","false","true","1","false","32","100000","51973718016","49560","209600.6838456462"
"moe_bsz1M_breaklaws.ngpu16_20240226-092950.model-12m.moe-gshard.lr_1e-3,number_of_experts_64","2.815023183822632","3.013021469116211","19.76320628260177","13.08658482064963","2024-02-26T10:10:51.000Z","20094","-","failed","2024-02-26T19:07:17.000Z","a=gshard, experts=64","0.001","0","42","false","2","4","0","false","true","2","64","5","7","false","true","1","false","32","100000","26363297792","25140","92093.22893373502"
"moe_bsz1M_breaklaws.ngpu16_20240226-092950.model-12m.moe-gshard.lr_4e-3,number_of_experts_64","2.9141626358032227","3.524118185043335","21.861204941491245","15.445254478003903","2024-02-26T10:00:00.000Z","20745","-","failed","2024-02-26T19:07:17.000Z","a=gshard, experts=64","0.004","0","42","false","2","4","0","false","true","2","64","5","7","false","true","1","false","32","100000","26703036416","25460","89131.87507656011"
"moe_bsz1M_breaklaws.ngpu16_20240226-092950.model-12m.moe-gshard.lr_1e-3,number_of_experts_256","2.8729310035705566","3.1178417205810547","20.764004998824262","14.06261763774572","2024-02-26T10:09:40.000Z","24420","-","failed","2024-02-26T19:07:17.000Z","a=gshard, experts=256","0.001","0","42","false","2","4","0","false","true","2","256","5","7","false","true","1","false","32","100000","11534336000","11000","31186.26622700844"
"moe_bsz1M_breaklaws.ngpu16_20240226-092950.model-12m.moe-gshard.lr_8e-3,number_of_experts_4","2.9552321434020996","3.3019065856933594","22.34743991042735","16.089108806741482","2024-02-26T09:40:16.000Z","26179","-","failed","2024-02-26T19:07:17.000Z","a=gshard, experts=4","0.008","0","42","false","2","4","0","false","true","2","4","5","7","false","true","1","false","32","100000","70254592000","67000","216230.70590394552"
"moe_bsz1M_breaklaws.ngpu16_20240226-092950.model-12m.moe-gshard.lr_2e-3,number_of_experts_256","2.8702096939086914","3.1506097316741943","20.89609320319766","14.665157692524971","2024-02-26T10:10:52.000Z","27714","-","crashed","2024-02-26T19:07:17.000Z","a=gshard, experts=256","0.002","0","42","false","2","4","0","false","true","2","256","5","7","false","true","1","false","32","100000","12319719424","11740","29841.536560357745"
"moe_bsz1M_breaklaws.ngpu16_20240226-092950.model-12m.moe-gshard.lr_8e-3,number_of_experts_16","2.9277701377868652","3.3822579383850098","21.82874766543755","15.908816542041448","2024-02-26T10:04:33.000Z","28123","-","crashed","2024-02-26T19:07:17.000Z","a=gshard, experts=16","0.008","0","42","false","2","4","0","false","true","2","16","5","7","false","true","1","false","32","100000","60648587264","57830","177637.99921629572"
"moe_bsz1M_breaklaws.ngpu16_20240226-092950.model-12m.moe-gshard.lr_8e-3,number_of_experts_256","3.018329620361328","3.2317705154418945","24.31394380616825","18.443753852107044","2024-02-26T09:41:00.000Z","28166","-","crashed","2024-02-26T19:07:17.000Z","a=gshard, experts=256","0.008","0","42","false","2","4","0","false","true","2","256","5","7","false","true","1","false","32","100000","13357809664","12730","31857.973181054353"
"moe_bsz1M_breaklaws.ngpu16_20240226-092950.model-12m.moe-gshard.lr_8e-3,number_of_experts_64","2.953987836837769","3.218128204345703","22.83904077771113","17.083957135640297","2024-02-26T09:48:21.000Z","29042","-","failed","2024-02-26T19:07:17.000Z","a=gshard, experts=64","0.008","0","42","false","2","4","0","false","true","2","64","5","7","false","true","1","false","32","100000","37190893568","35460","93651.40808575333"
"moe_bsz1M_breaklaws.ngpu16_20240226-092950.model-12m.moe-gshard.lr_2e-3,number_of_experts_16","2.7926688194274902","3.044877052307129","19.34652127538566","13.147940370067534","2024-02-26T09:41:35.000Z","29471","-","crashed","2024-02-26T19:07:17.000Z","a=gshard, experts=16","0.002","0","42","false","2","4","0","false","true","2","16","5","7","false","true","1","false","32","100000","63298338816","60360","165195.88070802978"
"moe_bsz1M_breaklaws.ngpu16_20240226-092950.model-12m.moe-gshard.lr_4e-3,number_of_experts_16","2.842933416366577","3.125868320465088","20.24969809336732","13.849869520302878","2024-02-26T09:40:37.000Z","29529","-","crashed","2024-02-26T19:07:17.000Z","a=gshard, experts=16","0.004","0","42","false","2","4","0","false","true","2","16","5","7","false","true","1","false","32","100000","64114130944","61140","134537.10597779314"
"moe_bsz1M_breaklaws.ngpu16_20240226-092950.model-12m.moe-gshard.lr_2e-3,number_of_experts_64","2.8502538204193115","3.700252771377563","19.87797109195287","13.658477024796966","2024-02-26T09:40:10.000Z","29586","-","crashed","2024-02-26T19:07:17.000Z","a=gshard, experts=64","0.002","0","42","false","2","4","0","false","true","2","64","5","7","false","true","1","false","32","100000","37726715904","35970","92450.19260456038"
"moe_bsz1M_breaklaws.ngpu16_20240226-092950.model-12m.moe-gshard.lr_1e-3,number_of_experts_4","2.828828811645508","3.212732315063477","20.195604284843355","12.992572297126683","2024-02-26T09:40:49.000Z","40189","-","failed","2024-02-26T20:50:38.000Z","a=gshard, experts=4","0.001","0","42","false","2","4","0","false","true","2","4","5","7","false","true","1","false","32","100000","104857600000","100000","206446.54773328512"