loss,C4 Eval Loss,N,N_no_emb,D,C,C_no_emb,C_6ND,C_6ND_no_emb,portion_steps_elapsed,model,train_tokens,total_steps,current_steps,total_epochs,current_epoch,peak_lr,sweep
3.287519883364439,3.287519883364439,93940416,35842752,16777216000,9456351902178213888,3608049554037669888,9456351902171136000,3608049554030592000,1.0,misfitting_35m,16777216000,16000,16000,125,125,0.002,2024_11_26-18_49_27_sweep_test
5.562278985977173,5.562278985977173,57234240,12047168,209715200,72017340536193024,15158845484826624,72017340530688000,15158845479321600,1.0,misfitting_12m,209715200,200,200,2,2,0.002,2025_02_06-22_22_50_sweep_test
5.342585165519267,5.342585165519267,57234240,12047168,262144000,90021675668865024,18948556854657024,90021675663360000,18948556849152000,1.0,misfitting_12m,262144000,250,250,2,2,0.002,2025_02_06-22_22_50_sweep_test
5.463137998944148,5.463137998944148,57234240,12047168,209715200,72017340536193024,15158845484826624,72017340530688000,15158845479321600,1.0,misfitting_12m,209715200,200,200,2,2,0.004,2025_02_06-22_22_50_sweep_test
5.507163620553911,5.507163620553911,57234240,12047168,209715200,72017340536193024,15158845484826624,72017340530688000,15158845479321600,1.0,misfitting_12m,209715200,200,200,2,2,0.008,2025_02_06-22_22_50_sweep_test
5.265927888453007,5.265927888453007,57234240,12047168,262144000,90021675668865024,18948556854657024,90021675663360000,18948556849152000,1.0,misfitting_12m,262144000,250,250,2,2,0.008,2025_02_06-22_22_50_sweep_test
5.203594068298116,5.203594068298116,57234240,12047168,262144000,90021675668865024,18948556854657024,90021675663360000,18948556849152000,1.0,misfitting_12m,262144000,250,250,2,2,0.004,2025_02_06-22_22_50_sweep_test
3.208512811921537,3.208512811921537,113718400,49165440,16777216000,11447268959854264320,4949155239698104320,11447268959846400000,4949155239690240000,1.0,misfitting_50m,16777216000,16000,16000,125,125,0.004,2024_11_26-18_54_23_sweep_test
3.241366010857746,3.241366010857746,113718400,49165440,16777216000,11447268959854264320,4949155239698104320,11447268959846400000,4949155239690240000,1.0,misfitting_50m,16777216000,16000,16000,125,125,0.001,2024_12_01-19_27_19_sweep_test
3.2113824328407645,3.2113824328407645,113718400,49165440,16777216000,11447268959854264320,4949155239698104320,11447268959846400000,4949155239690240000,1.0,misfitting_50m,16777216000,16000,16000,125,125,0.002,2024_11_26-18_54_23_sweep_test
3.749819134711288,3.749819134711288,62052928,16865856,4194304000,1561613064738177024,424443163710849024,1561613064732672000,424443163705344000,1.0,misfitting_17m,4194304000,4000,4000,32,32,0.001,2025_02_07-11_17_50_sweep_test
3.6064438023604453,3.6064438023604453,62052928,16865856,4194304000,1561613064738177024,424443163710849024,1561613064732672000,424443163705344000,1.0,misfitting_17m,4194304000,4000,4000,32,32,0.008,2025_02_07-11_17_50_sweep_test
3.6444779854500666,3.6444779854500666,62052928,16865856,4194304000,1561613064738177024,424443163710849024,1561613064732672000,424443163705344000,1.0,misfitting_17m,4194304000,4000,4000,32,32,0.002,2025_02_07-11_17_50_sweep_test
3.59062477061525,3.59062477061525,62052928,16865856,4194304000,1561613064738177024,424443163710849024,1561613064732672000,424443163705344000,1.0,misfitting_17m,4194304000,4000,4000,32,32,0.004,2025_02_07-11_17_50_sweep_test
3.479152830084786,3.479152830084786,93940416,35842752,4194304000,2364087975549861888,902012388514725888,2364087975542784000,902012388507648000,1.0,misfitting_35m,4194304000,4000,4000,16,16,0.002,2024_11_17-02_13_20_sweep_test
3.9412797873374075,3.9412797873374075,93940416,35842752,1048576000,591021993892773888,225503097133989888,591021993885696000,225503097126912000,1.0,misfitting_35m,1048576000,1000,1000,4,4,0.002,2024_11_17-02_13_20_sweep_test
3.9077738146297634,3.9077738146297634,93940416,35842752,1048576000,591021993892773888,225503097133989888,591021993885696000,225503097126912000,1.0,misfitting_35m,1048576000,1000,1000,4,4,0.004,2024_11_17-02_13_20_sweep_test
4.427503474056721,4.427503474056721,93940416,35842752,524288000,295510996949925888,112751548570533888,295510996942848000,112751548563456000,1.0,misfitting_35m,524288000,500,500,2,2,0.004,2024_11_17-02_13_20_sweep_test
3.933163208188489,3.933163208188489,93940416,35842752,1572864000,886532990835621888,338254645697445888,886532990828544000,338254645690368000,1.0,misfitting_35m,1572864000,1500,1500,6,6,0.001,2024_11_17-02_13_20_sweep_test
3.721446438226849,3.721446438226849,93940416,35842752,1572864000,886532990835621888,338254645697445888,886532990828544000,338254645690368000,1.0,misfitting_35m,1572864000,1500,1500,6,6,0.004,2024_11_17-02_13_20_sweep_test
4.076079833321273,4.076079833321273,93940416,35842752,786432000,443266495421349888,169127322852261888,443266495414272000,169127322845184000,1.0,misfitting_35m,786432000,750,750,3,3,0.004,2024_11_17-02_13_20_sweep_test
4.8466926771216094,4.8466926771216094,93940416,35842752,377487360,212767917805928448,81181114972766208,212767917798850560,81181114965688320,1.0,misfitting_35m,377487360,360,360,2,2,0.002,2024_11_17-02_13_20_sweep_test
4.475914904847741,4.475914904847741,93940416,35842752,524288000,295510996949925888,112751548570533888,295510996942848000,112751548563456000,1.0,misfitting_35m,524288000,500,500,2,2,0.002,2024_11_17-02_13_20_sweep_test
5.060267093591392,5.060267093591392,93940416,35842752,377487360,212767917805928448,81181114972766208,212767917798850560,81181114965688320,1.0,misfitting_35m,377487360,360,360,2,2,0.001,2024_11_17-02_13_20_sweep_test
4.111094384454191,4.111094384454191,93940416,35842752,786432000,443266495421349888,169127322852261888,443266495414272000,169127322845184000,1.0,misfitting_35m,786432000,750,750,3,3,0.002,2024_11_17-02_13_20_sweep_test
3.7889589332044125,3.7889589332044125,93940416,35842752,1310720000,738777492364197888,281878871415717888,738777492357120000,281878871408640000,1.0,misfitting_35m,1310720000,1250,1250,5,5,0.004,2024_11_17-02_13_20_sweep_test
4.884955886751413,4.884955886751413,93940416,35842752,377487360,212767917805928448,81181114972766208,212767917798850560,81181114965688320,1.0,misfitting_35m,377487360,360,360,2,2,0.004,2024_11_17-02_13_20_sweep_test
5.445862477179617,5.445862477179617,93940416,35842752,262144000,147755498478501888,56375774288805888,147755498471424000,56375774281728000,1.0,misfitting_35m,262144000,250,250,1,1,0.001,2024_11_17-02_13_20_sweep_test
3.4688846236094832,3.4688846236094832,93940416,35842752,4194304000,2364087975549861888,902012388514725888,2364087975542784000,902012388507648000,1.0,misfitting_35m,4194304000,4000,4000,16,16,0.004,2024_11_17-02_13_20_sweep_test
4.3437778789084405,4.3437778789084405,93940416,35842752,786432000,443266495421349888,169127322852261888,443266495414272000,169127322845184000,1.0,misfitting_35m,786432000,750,750,3,3,0.001,2024_11_17-02_13_20_sweep_test
4.7135733352042735,4.7135733352042735,93940416,35842752,524288000,295510996949925888,112751548570533888,295510996942848000,112751548563456000,1.0,misfitting_35m,524288000,500,500,2,2,0.001,2024_11_17-02_13_20_sweep_test
5.50978081766516,5.50978081766516,93940416,35842752,209715200,118204398784217088,45100619432460288,118204398777139200,45100619425382400,1.0,misfitting_35m,209715200,200,200,1,1,0.002,2024_11_17-02_13_20_sweep_test
5.2598445219919086,5.2598445219919086,93940416,35842752,262144000,147755498478501888,56375774288805888,147755498471424000,56375774281728000,1.0,misfitting_35m,262144000,250,250,1,1,0.002,2024_11_17-02_13_20_sweep_test
4.147780311061069,4.147780311061069,93940416,35842752,1048576000,591021993892773888,225503097133989888,591021993885696000,225503097126912000,1.0,misfitting_35m,1048576000,1000,1000,4,4,0.001,2024_11_17-02_13_20_sweep_test
3.578963918145746,3.578963918145746,93940416,35842752,4194304000,2364087975549861888,902012388514725888,2364087975542784000,902012388507648000,1.0,misfitting_35m,4194304000,4000,4000,16,16,0.001,2024_11_17-02_13_20_sweep_test
3.7559641546104103,3.7559641546104103,93940416,35842752,1572864000,886532990835621888,338254645697445888,886532990828544000,338254645690368000,1.0,misfitting_35m,1572864000,1500,1500,6,6,0.002,2024_11_17-02_13_20_sweep_test
5.683749804738909,5.683749804738909,93940416,35842752,209715200,118204398784217088,45100619432460288,118204398777139200,45100619425382400,1.0,misfitting_35m,209715200,200,200,1,1,0.001,2024_11_17-02_13_20_sweep_test
3.833076525479555,3.833076525479555,93940416,35842752,1310720000,738777492364197888,281878871415717888,738777492357120000,281878871408640000,1.0,misfitting_35m,1310720000,1250,1250,5,5,0.002,2024_11_17-02_13_20_sweep_test
5.597101861611009,5.597101861611009,93940416,35842752,209715200,118204398784217088,45100619432460288,118204398777139200,45100619425382400,1.0,misfitting_35m,209715200,200,200,1,1,0.004,2024_11_17-02_13_20_sweep_test
4.023539488203824,4.023539488203824,93940416,35842752,1310720000,738777492364197888,281878871415717888,738777492357120000,281878871408640000,1.0,misfitting_35m,1310720000,1250,1250,5,5,0.001,2024_11_17-02_13_20_sweep_test
5.322472349740565,5.322472349740565,93940416,35842752,262144000,147755498478501888,56375774288805888,147755498471424000,56375774281728000,1.0,misfitting_35m,262144000,250,250,1,1,0.004,2024_11_17-02_13_20_sweep_test
3.923032925464213,3.923032925464213,113718400,49165440,1310720000,894317887495864320,386652753108664320,894317887488000000,386652753100800000,1.0,misfitting_50m,1310720000,1250,1250,10,10,0.001,2024_11_11-17_30_03_sweep_test
3.760418794117868,3.760418794117868,113718400,49165440,1310720000,894317887495864320,386652753108664320,894317887488000000,386652753100800000,1.0,misfitting_50m,1310720000,1250,1250,10,10,0.002,2024_11_11-17_30_03_sweep_test
3.5250531816855073,3.5250531816855073,113718400,49165440,2621440000,1788635774983864320,773305506209464320,1788635774976000000,773305506201600000,1.0,misfitting_50m,2621440000,2500,2500,20,20,0.002,2024_11_11-17_30_03_sweep_test
3.682330030016601,3.682330030016601,113718400,49165440,1572864000,1073181464993464320,463983303728824320,1073181464985600000,463983303720960000,1.0,misfitting_50m,1572864000,1500,1500,12,12,0.004,2024_11_11-17_30_03_sweep_test
3.637776958756149,3.637776958756149,113718400,49165440,2621440000,1788635774983864320,773305506209464320,1788635774976000000,773305506201600000,1.0,misfitting_50m,2621440000,2500,2500,20,20,0.001,2024_11_11-17_30_03_sweep_test
4.031803076155484,4.031803076155484,113718400,49165440,786432000,536590732500664320,231991651868344320,536590732492800000,231991651860480000,1.0,misfitting_50m,786432000,750,750,6,6,0.004,2024_11_11-17_30_03_sweep_test
4.393903769552708,4.393903769552708,113718400,49165440,524288000,357727155003064320,154661101248184320,357727154995200000,154661101240320000,1.0,misfitting_50m,524288000,500,500,4,4,0.004,2024_11_11-17_30_03_sweep_test
3.622705225367099,3.622705225367099,113718400,49165440,1887436800,1287817757990584320,556779964473016320,1287817757982720000,556779964465152000,1.0,misfitting_50m,1887436800,1800,1800,15,15,0.002,2024_11_11-17_30_03_sweep_test
4.0412037880159914,4.0412037880159914,113718400,49165440,786432000,536590732500664320,231991651868344320,536590732492800000,231991651860480000,1.0,misfitting_50m,786432000,750,750,6,6,0.002,2024_11_11-17_30_03_sweep_test
3.870547302532941,3.870547302532941,113718400,49165440,1048576000,715454309998264320,309322202488504320,715454309990400000,309322202480640000,1.0,misfitting_50m,1048576000,1000,1000,8,8,0.002,2024_11_11-17_30_03_sweep_test
4.220508110709488,4.220508110709488,113718400,49165440,786432000,536590732500664320,231991651868344320,536590732492800000,231991651860480000,1.0,misfitting_50m,786432000,750,750,6,6,0.001,2024_11_11-17_30_03_sweep_test
4.04040867742151,4.04040867742151,113718400,49165440,1048576000,715454309998264320,309322202488504320,715454309990400000,309322202480640000,1.0,misfitting_50m,1048576000,1000,1000,8,8,0.001,2024_11_11-17_30_03_sweep_test
3.613536760676652,3.613536760676652,113718400,49165440,1887436800,1287817757990584320,556779964473016320,1287817757982720000,556779964465152000,1.0,misfitting_50m,1887436800,1800,1800,15,15,0.004,2024_11_11-17_30_03_sweep_test
3.5825210134498775,3.5825210134498775,113718400,49165440,2097152000,1430908619988664320,618644404969144320,1430908619980800000,618644404961280000,1.0,misfitting_50m,2097152000,2000,2000,16,16,0.004,2024_11_11-17_30_03_sweep_test
3.7583997189067304,3.7583997189067304,113718400,49165440,1310720000,894317887495864320,386652753108664320,894317887488000000,386652753100800000,1.0,misfitting_50m,1310720000,1250,1250,10,10,0.004,2024_11_11-17_30_03_sweep_test
3.520279879681766,3.520279879681766,113718400,49165440,2621440000,1788635774983864320,773305506209464320,1788635774976000000,773305506201600000,1.0,misfitting_50m,2621440000,2500,2500,20,20,0.004,2024_11_11-17_30_03_sweep_test
3.6857622251845896,3.6857622251845896,113718400,49165440,1572864000,1073181464993464320,463983303728824320,1073181464985600000,463983303720960000,1.0,misfitting_50m,1572864000,1500,1500,12,12,0.002,2024_11_11-17_30_03_sweep_test
3.5873695793561637,3.5873695793561637,113718400,49165440,2097152000,1430908619988664320,618644404969144320,1430908619980800000,618644404961280000,1.0,misfitting_50m,2097152000,2000,2000,16,16,0.002,2024_11_11-17_30_03_sweep_test
3.762381812557578,3.762381812557578,113718400,49165440,1887436800,1287817757990584320,556779964473016320,1287817757982720000,556779964465152000,1.0,misfitting_50m,1887436800,1800,1800,15,15,0.001,2024_11_11-17_30_03_sweep_test
3.8661297359503806,3.8661297359503806,113718400,49165440,1048576000,715454309998264320,309322202488504320,715454309990400000,309322202480640000,1.0,misfitting_50m,1048576000,1000,1000,8,8,0.004,2024_11_11-17_30_03_sweep_test
3.7199083263985813,3.7199083263985813,113718400,49165440,2097152000,1430908619988664320,618644404969144320,1430908619980800000,618644404961280000,1.0,misfitting_50m,2097152000,2000,2000,16,16,0.001,2024_11_11-17_30_03_sweep_test
4.3577577555552125,4.3577577555552125,113718400,49165440,524288000,357727155003064320,154661101248184320,357727154995200000,154661101240320000,1.0,misfitting_50m,524288000,500,500,4,4,0.002,2024_11_11-17_30_03_sweep_test
3.840008574537933,3.840008574537933,113718400,49165440,1572864000,1073181464993464320,463983303728824320,1073181464985600000,463983303720960000,1.0,misfitting_50m,1572864000,1500,1500,12,12,0.001,2024_11_11-17_30_03_sweep_test
4.565031715668738,4.565031715668738,113718400,49165440,524288000,357727155003064320,154661101248184320,357727154995200000,154661101240320000,1.0,misfitting_50m,524288000,500,500,4,4,0.001,2024_11_11-17_30_03_sweep_test
3.408267193706706,3.408267193706706,113718400,49165440,4194304000,2861817239969464320,1237288809930424320,2861817239961600000,1237288809922560000,1.0,misfitting_50m,4194304000,4000,4000,32,32,0.002,2024_11_26-18_58_13_sweep_test
3.401899544754997,3.401899544754997,113718400,49165440,4194304000,2861817239969464320,1237288809930424320,2861817239961600000,1237288809922560000,1.0,misfitting_50m,4194304000,4000,4000,32,32,0.004,2024_11_26-18_58_13_sweep_test
3.486583071993664,3.486583071993664,113718400,49165440,4194304000,2861817239969464320,1237288809930424320,2861817239961600000,1237288809922560000,1.0,misfitting_50m,4194304000,4000,4000,32,32,0.001,2024_11_26-18_58_13_sweep_test
3.3068635284435004,3.3068635284435004,522374400,393268480,3145728000,9859486659394928640,7422694014336368640,9859486659379200000,7422694014320640000,1.0,misfitting_400m,3145728000,3000,3000,12,12,0.0004,2024_11_15-17_52_22_sweep_test
3.175880634225905,3.175880634225905,522374400,393268480,3145728000,9859486659394928640,7422694014336368640,9859486659379200000,7422694014320640000,1.0,misfitting_400m,3145728000,3000,3000,12,12,0.002,2024_11_15-17_52_22_sweep_test
3.1750193685293198,3.1750193685293198,522374400,393268480,3145728000,9859486659394928640,7422694014336368640,9859486659379200000,7422694014320640000,1.0,misfitting_400m,3145728000,3000,3000,12,12,0.001,2024_11_15-17_52_22_sweep_test
3.368312938604504,3.368312938604504,176576256,99112704,3145728000,3332765235815645184,1870689648780509184,3332765235806208000,1870689648771072000,1.0,misfitting_100m,3145728000,3000,3000,24,24,0.004,2024_11_15-00_52_45_sweep_test
3.4610822880640626,3.4610822880640626,176576256,99112704,2097152000,2221843490546909184,1247126432523485184,2221843490537472000,1247126432514048000,1.0,misfitting_100m,2097152000,2000,2000,16,16,0.002,2024_11_15-00_52_45_sweep_test
3.4205973353236914,3.4205973353236914,176576256,99112704,3145728000,3332765235815645184,1870689648780509184,3332765235806208000,1870689648771072000,1.0,misfitting_100m,3145728000,3000,3000,24,24,0.001,2024_11_15-00_52_45_sweep_test
3.553274661768228,3.553274661768228,176576256,99112704,2097152000,2221843490546909184,1247126432523485184,2221843490537472000,1247126432514048000,1.0,misfitting_100m,2097152000,2000,2000,16,16,0.001,2024_11_15-00_52_45_sweep_test
3.3931929846294224,3.3931929846294224,176576256,99112704,2621440000,2777304363181277184,1558908040651997184,2777304363171840000,1558908040642560000,1.0,misfitting_100m,2621440000,2500,2500,20,20,0.002,2024_11_15-00_52_45_sweep_test
3.347915711812675,3.347915711812675,176576256,99112704,3145728000,3332765235815645184,1870689648780509184,3332765235806208000,1870689648771072000,1.0,misfitting_100m,3145728000,3000,3000,24,24,0.002,2024_11_15-00_52_45_sweep_test
3.815214755013585,3.815214755013585,176576256,99112704,1048576000,1110921745278173184,623563216266461184,1110921745268736000,623563216257024000,1.0,misfitting_100m,1048576000,1000,1000,8,8,0.004,2024_11_15-00_52_45_sweep_test
3.869285825639963,3.869285825639963,176576256,99112704,1048576000,1110921745278173184,623563216266461184,1110921745268736000,623563216257024000,1.0,misfitting_100m,1048576000,1000,1000,8,8,0.001,2024_11_15-00_52_45_sweep_test
3.559195118956268,3.559195118956268,176576256,99112704,1572864000,1666382617912541184,935344824394973184,1666382617903104000,935344824385536000,1.0,misfitting_100m,1572864000,1500,1500,12,12,0.002,2024_11_15-00_52_45_sweep_test
3.4894284033216536,3.4894284033216536,176576256,99112704,2097152000,2221843490546909184,1247126432523485184,2221843490537472000,1247126432514048000,1.0,misfitting_100m,2097152000,2000,2000,16,16,0.004,2024_11_15-00_52_45_sweep_test
3.4170247428119183,3.4170247428119183,176576256,99112704,2621440000,2777304363181277184,1558908040651997184,2777304363171840000,1558908040642560000,1.0,misfitting_100m,2621440000,2500,2500,20,20,0.004,2024_11_15-00_52_45_sweep_test
3.6713103144429624,3.6713103144429624,176576256,99112704,1572864000,1666382617912541184,935344824394973184,1666382617903104000,935344824385536000,1.0,misfitting_100m,1572864000,1500,1500,12,12,0.001,2024_11_15-00_52_45_sweep_test
3.5911927581764758,3.5911927581764758,176576256,99112704,1572864000,1666382617912541184,935344824394973184,1666382617903104000,935344824385536000,1.0,misfitting_100m,1572864000,1500,1500,12,12,0.004,2024_11_15-00_52_45_sweep_test
3.7381138573400676,3.7381138573400676,176576256,99112704,1048576000,1110921745278173184,623563216266461184,1110921745268736000,623563216257024000,1.0,misfitting_100m,1048576000,1000,1000,8,8,0.002,2024_11_15-00_52_45_sweep_test
3.477366717532277,3.477366717532277,176576256,99112704,2621440000,2777304363181277184,1558908040651997184,2777304363171840000,1558908040642560000,1.0,misfitting_100m,2621440000,2500,2500,20,20,0.001,2024_11_15-00_52_45_sweep_test
3.4958231440978125,3.4958231440978125,76816896,25174528,8388608000,3866320969930899456,1267075481868435456,3866320969924608000,1267075481862144000,1.0,misfitting_25m,8388608000,8000,8000,63,63,0.001,2024_11_20-16_41_19_sweep_test
3.423070688615553,3.423070688615553,76816896,25174528,8388608000,3866320969930899456,1267075481868435456,3866320969924608000,1267075481862144000,1.0,misfitting_25m,8388608000,8000,8000,63,63,0.002,2024_11_20-16_41_19_sweep_test
3.2857616445980966,3.2857616445980966,142394560,71386304,5242880000,4479345544405450752,2245618953101770752,4479345544396800000,2245618953093120000,1.0,misfitting_70m,5242880000,5000,5000,40,40,0.002,2024_11_26-19_08_10_sweep_test
3.013199237640947,3.013199237640947,522374400,393268480,6291456000,19718973318774128640,14845388028657008640,19718973318758400000,14845388028641280000,1.0,misfitting_400m,6291456000,6000,6000,47,47,0.002,2024_11_22-11_47_26_sweep_test
3.104851933196187,3.104851933196187,522374400,393268480,6291456000,19718973318774128640,14845388028657008640,19718973318758400000,14845388028641280000,1.0,misfitting_400m,6291456000,6000,6000,47,47,0.0004,2024_11_22-11_47_26_sweep_test
3.0015078359283507,3.0015078359283507,522374400,393268480,6291456000,19718973318774128640,14845388028657008640,19718973318758400000,14845388028641280000,1.0,misfitting_400m,6291456000,6000,6000,47,47,0.001,2024_11_22-11_47_26_sweep_test
3.129241704940796,3.129241704940796,176576256,99112704,12582912000,13331060943234269184,7482758595093725184,13331060943224832000,7482758595084288000,1.0,misfitting_100m,12582912000,12000,12000,94,94,0.004,2024_11_26-19_01_43_sweep_test
3.134784453548491,3.134784453548491,176576256,99112704,12582912000,13331060943234269184,7482758595093725184,13331060943224832000,7482758595084288000,1.0,misfitting_100m,12582912000,12000,12000,94,94,0.001,2024_11_21-00_00_46_sweep_test
3.1041144812479615,3.1041144812479615,176576256,99112704,12582912000,13331060943234269184,7482758595093725184,13331060943224832000,7482758595084288000,1.0,misfitting_100m,12582912000,12000,12000,94,94,0.002,2024_11_21-00_00_46_sweep_test
3.6623103771125898,3.6623103771125898,57234240,12047168,4194304000,1440346810619265024,303176909591937024,1440346810613760000,303176909586432000,1.0,misfitting_12m,4194304000,4000,4000,32,32,0.004,2025_02_07-11_16_24_sweep_test
3.716229061712511,3.716229061712511,57234240,12047168,4194304000,1440346810619265024,303176909591937024,1440346810613760000,303176909586432000,1.0,misfitting_12m,4194304000,4000,4000,32,32,0.002,2025_02_07-11_16_24_sweep_test
3.6561761465854943,3.6561761465854943,57234240,12047168,4194304000,1440346810619265024,303176909591937024,1440346810613760000,303176909586432000,1.0,misfitting_12m,4194304000,4000,4000,32,32,0.008,2025_02_07-11_16_24_sweep_test
4.6492726219585165,4.6492726219585165,57234240,12047168,524288000,180043351332225024,37897113703809024,180043351326720000,37897113698304000,1.0,misfitting_12m,524288000,500,500,4,4,0.002,2025_02_06-23_52_40_sweep_test
4.9891966541763395,4.9891966541763395,57234240,12047168,377487360,129631212960743424,27285921868283904,129631212955238400,27285921862778880,1.0,misfitting_12m,377487360,360,360,3,3,0.002,2025_02_06-23_52_40_sweep_test
4.440314286039211,4.440314286039211,57234240,12047168,524288000,180043351332225024,37897113703809024,180043351326720000,37897113698304000,1.0,misfitting_12m,524288000,500,500,4,4,0.004,2025_02_06-23_52_40_sweep_test
4.794083699584007,4.794083699584007,57234240,12047168,377487360,129631212960743424,27285921868283904,129631212955238400,27285921862778880,1.0,misfitting_12m,377487360,360,360,3,3,0.004,2025_02_06-23_52_40_sweep_test
4.846336110960692,4.846336110960692,57234240,12047168,377487360,129631212960743424,27285921868283904,129631212955238400,27285921862778880,1.0,misfitting_12m,377487360,360,360,3,3,0.008,2025_02_06-23_52_40_sweep_test
4.460196437663399,4.460196437663399,57234240,12047168,524288000,180043351332225024,37897113703809024,180043351326720000,37897113698304000,1.0,misfitting_12m,524288000,500,500,4,4,0.008,2025_02_06-23_52_40_sweep_test
3.2533262621436734,3.2533262621436734,295930560,199101120,6291456000,11171004583783956480,7515815616196116480,11171004583772160000,7515815616184320000,1.0,misfitting_200m,6291456000,6000,6000,24,24,0.0004,2024_11_26-18_23_25_sweep_test
3.03909122524783,3.03909122524783,295930560,199101120,9437184000,16756506875670036480,11273723424288276480,16756506875658240000,11273723424276480000,1.0,misfitting_200m,9437184000,9000,9000,71,71,0.001,2024_11_26-18_23_25_sweep_test
3.112810139544308,3.112810139544308,295930560,199101120,6291456000,11171004583783956480,7515815616196116480,11171004583772160000,7515815616184320000,1.0,misfitting_200m,6291456000,6000,6000,47,47,0.001,2024_11_26-18_23_25_sweep_test
3.10710726166144,3.10710726166144,295930560,199101120,6291456000,11171004583783956480,7515815616196116480,11171004583772160000,7515815616184320000,1.0,misfitting_200m,6291456000,6000,6000,47,47,0.002,2024_11_26-18_23_25_sweep_test
3.2519370878580958,3.2519370878580958,176576256,99112704,6291456000,6665530471621853184,3741379297551581184,6665530471612416000,3741379297542144000,1.0,misfitting_100m,6291456000,6000,6000,47,47,0.001,2024_11_21-15_50_57_sweep_test
3.7506104824133217,3.7506104824133217,295930560,199101120,1572864000,2792751145954836480,1878953904057876480,2792751145943040000,1878953904046080000,1.0,misfitting_200m,1572864000,1500,1500,12,12,0.0004,2024_11_11-17_46_29_sweep_test
3.5291626318357885,3.5291626318357885,295930560,199101120,1572864000,2792751145954836480,1878953904057876480,2792751145943040000,1878953904046080000,1.0,misfitting_200m,1572864000,1500,1500,12,12,0.001,2024_11_11-17_46_29_sweep_test
3.4916086732409894,3.4916086732409894,295930560,199101120,1572864000,2792751145954836480,1878953904057876480,2792751145943040000,1878953904046080000,1.0,misfitting_200m,1572864000,1500,1500,12,12,0.002,2024_11_11-17_46_29_sweep_test
3.351298660505563,3.351298660505563,142394560,71386304,5242880000,4479345544405450752,2245618953101770752,4479345544396800000,2245618953093120000,1.0,misfitting_70m,5242880000,5000,5000,40,40,0.001,2024_11_15-17_25_57_sweep_test
3.128357550362125,3.128357550362125,418819968,302624640,4194304000,10539949602387787776,7615798428317515776,10539949602373632000,7615798428303360000,1.0,misfitting_300m,4194304000,4000,4000,16,16,0.001,2024_11_17-14_05_55_sweep_test
2.9947290411219,2.9947290411219,418819968,302624640,8388608000,21079899204761419776,15231596856620875776,21079899204747264000,15231596856606720000,1.0,misfitting_300m,8388608000,8000,8000,63,63,0.001,2024_11_26-19_19_23_sweep_test
3.088470061076805,3.088470061076805,418819968,302624640,8388608000,21079899204761419776,15231596856620875776,21079899204747264000,15231596856606720000,1.0,misfitting_300m,8388608000,8000,8000,63,63,0.0004,2024_11_26-19_19_23_sweep_test
3.1085423519834876,3.1085423519834876,418819968,302624640,4194304000,10539949602387787776,7615798428317515776,10539949602373632000,7615798428303360000,1.0,misfitting_300m,4194304000,4000,4000,16,16,0.002,2024_11_17-14_05_55_sweep_test
3.158896503271535,3.158896503271535,418819968,302624640,6291456000,15809924403574603776,11423697642469195776,15809924403560448000,11423697642455040000,1.0,misfitting_300m,6291456000,6000,6000,47,47,0.0004,2024_11_26-19_19_23_sweep_test
3.0438939505256712,3.0438939505256712,418819968,302624640,6291456000,15809924403574603776,11423697642469195776,15809924403560448000,11423697642455040000,1.0,misfitting_300m,6291456000,6000,6000,47,47,0.002,2024_11_26-19_19_23_sweep_test
3.270217459416017,3.270217459416017,418819968,302624640,4194304000,10539949602387787776,7615798428317515776,10539949602373632000,7615798428303360000,1.0,misfitting_300m,4194304000,4000,4000,16,16,0.0004,2024_11_17-14_05_55_sweep_test
3.0496976118301973,3.0496976118301973,418819968,302624640,6291456000,15809924403574603776,11423697642469195776,15809924403560448000,11423697642455040000,1.0,misfitting_300m,6291456000,6000,6000,47,47,0.001,2024_11_26-19_19_23_sweep_test
2.991805797559209,2.991805797559209,418819968,302624640,8388608000,21079899204761419776,15231596856620875776,21079899204747264000,15231596856606720000,1.0,misfitting_300m,8388608000,8000,8000,63,63,0.002,2024_11_26-19_19_23_sweep_test
4.5352601510239765,4.5352601510239765,176576256,99112704,524288000,555460872643805184,311781608137949184,555460872634368000,311781608128512000,1.0,misfitting_100m,524288000,500,500,2,2,0.004,2024_11_22-23_59_31_sweep_test
6.233074342831969,6.233074342831969,62052928,16865856,104857600,39040326623821824,10611079098138624,39040326618316800,10611079092633600,1.0,misfitting_17m,104857600,100,100,1,1,0.004,2024_11_22-23_59_31_sweep_test
6.321534189861268,6.321534189861268,62052928,16865856,104857600,39040326623821824,10611079098138624,39040326618316800,10611079092633600,1.0,misfitting_17m,104857600,100,100,1,1,0.008,2024_11_22-23_59_31_sweep_test
6.186797802103683,6.186797802103683,57234240,12047168,104857600,36008670270849024,7579422745165824,36008670265344000,7579422739660800,1.0,misfitting_12m,104857600,100,100,1,1,0.004,2024_11_22-23_59_31_sweep_test
5.369945453829132,5.369945453829132,142394560,71386304,262144000,223967277228490752,112280947663306752,223967277219840000,112280947654656000,1.0,misfitting_70m,262144000,250,250,1,1,0.004,2024_11_22-23_59_31_sweep_test
4.477486148185562,4.477486148185562,295930560,199101120,524288000,930917048659476480,626317968027156480,930917048647680000,626317968015360000,1.0,misfitting_200m,524288000,500,500,2,2,0.001,2024_11_22-23_59_31_sweep_test
5.167175830807537,5.167175830807537,113718400,49165440,262144000,178863577505464320,77330550628024320,178863577497600000,77330550620160000,1.0,misfitting_50m,262144000,250,250,2,2,0.002,2024_11_22-23_59_31_sweep_test
5.303078626981005,5.303078626981005,113718400,49165440,262144000,178863577505464320,77330550628024320,178863577497600000,77330550620160000,1.0,misfitting_50m,262144000,250,250,2,2,0.001,2024_11_22-23_59_31_sweep_test
5.241434684256092,5.241434684256092,142394560,71386304,262144000,223967277228490752,112280947663306752,223967277219840000,112280947654656000,1.0,misfitting_70m,262144000,250,250,2,2,0.001,2024_11_22-23_59_31_sweep_test
5.23196559632197,5.23196559632197,113718400,49165440,262144000,178863577505464320,77330550628024320,178863577497600000,77330550620160000,1.0,misfitting_50m,262144000,250,250,2,2,0.004,2024_11_22-23_59_31_sweep_test
6.341977728297934,6.341977728297934,62052928,16865856,104857600,39040326623821824,10611079098138624,39040326618316800,10611079092633600,1.0,misfitting_17m,104857600,100,100,1,1,0.002,2024_11_22-23_59_31_sweep_test
6.256837685359642,6.256837685359642,57234240,12047168,104857600,36008670270849024,7579422745165824,36008670265344000,7579422739660800,1.0,misfitting_12m,104857600,100,100,1,1,0.002,2024_11_22-23_59_31_sweep_test
5.176132993074134,5.176132993074134,176576256,99112704,262144000,277730436326621184,155890804073693184,277730436317184000,155890804064256000,1.0,misfitting_100m,262144000,250,250,1,1,0.002,2024_11_22-23_59_31_sweep_test
6.245195950847119,6.245195950847119,76816896,25174528,104857600,48329012130349056,15838443529568256,48329012124057600,15838443523276800,1.0,misfitting_25m,104857600,100,100,1,1,0.002,2024_11_22-23_59_31_sweep_test
5.231256036204286,5.231256036204286,176576256,99112704,262144000,277730436326621184,155890804073693184,277730436317184000,155890804064256000,1.0,misfitting_100m,262144000,250,250,1,1,0.001,2024_11_22-23_59_31_sweep_test
6.25465600262396,6.25465600262396,76816896,25174528,104857600,48329012130349056,15838443529568256,48329012124057600,15838443523276800,1.0,misfitting_25m,104857600,100,100,1,1,0.004,2024_11_22-23_59_31_sweep_test
5.26197856804356,5.26197856804356,176576256,99112704,262144000,277730436326621184,155890804073693184,277730436317184000,155890804064256000,1.0,misfitting_100m,262144000,250,250,1,1,0.004,2024_11_22-23_59_31_sweep_test
5.156431935727596,5.156431935727596,142394560,71386304,262144000,223967277228490752,112280947663306752,223967277219840000,112280947654656000,1.0,misfitting_70m,262144000,250,250,2,2,0.002,2024_11_22-23_59_31_sweep_test
6.215129883727059,6.215129883727059,57234240,12047168,104857600,36008670270849024,7579422745165824,36008670265344000,7579422739660800,1.0,misfitting_12m,104857600,100,100,1,1,0.008,2024_11_22-23_59_31_sweep_test
6.384351787157357,6.384351787157357,76816896,25174528,104857600,48329012130349056,15838443529568256,48329012124057600,15838443523276800,1.0,misfitting_25m,104857600,100,100,1,1,0.001,2024_11_22-23_59_31_sweep_test
2.827388039911966,2.827388039911966,1182757632,1002009344,10485760000,74412676003943940096,63040976993670660096,74412676003921920000,63040976993648640000,1.0,misfitting_1b,10485760000,10000,10000,40,40,0.0004,2024_11_30-00_31_52_sweep_test
2.788924948508793,2.788924948508793,1182757632,1002009344,10485760000,74412676003943940096,63040976993670660096,74412676003921920000,63040976993648640000,1.0,misfitting_1b,10485760000,10000,10000,40,40,0.001,2024_11_26-01_52_08_sweep_test
3.714009170187637,3.714009170187637,76816896,25174528,2097152000,966580242487443456,316768870471827456,966580242481152000,316768870465536000,1.0,misfitting_25m,2097152000,2000,2000,16,16,0.002,2024_11_18-17_14_24_sweep_test
3.662903923308477,3.662903923308477,76816896,25174528,2097152000,966580242487443456,316768870471827456,966580242481152000,316768870465536000,1.0,misfitting_25m,2097152000,2000,2000,16,16,0.004,2024_11_18-17_14_24_sweep_test
3.2339136274531484,3.2339136274531484,176576256,99112704,6291456000,6665530471621853184,3741379297551581184,6665530471612416000,3741379297542144000,1.0,misfitting_100m,6291456000,6000,6000,47,47,0.004,2024_11_26-19_04_27_sweep_test
3.2124909861013293,3.2124909861013293,176576256,99112704,6291456000,6665530471621853184,3741379297551581184,6665530471612416000,3741379297542144000,1.0,misfitting_100m,6291456000,6000,6000,47,47,0.002,2024_11_26-19_04_27_sweep_test
4.004743275232613,4.004743275232613,62052928,16865856,1310720000,488004082734465024,132638488663425024,488004082728960000,132638488657920000,1.0,misfitting_17m,1310720000,1250,1250,2,2,0.002,2024_11_10-23_08_29_sweep_test
4.176937400829047,4.176937400829047,62052928,16865856,786432000,292802449642881024,79583093200257024,292802449637376000,79583093194752000,1.0,misfitting_17m,786432000,750,750,6,6,0.008,2024_11_10-23_08_29_sweep_test
5.56482557579875,5.56482557579875,62052928,16865856,209715200,78080653242138624,21222158190772224,78080653236633600,21222158185267200,1.0,misfitting_17m,209715200,200,200,2,2,0.004,2024_11_10-23_08_29_sweep_test
3.9130457369610667,3.9130457369610667,62052928,16865856,1310720000,488004082734465024,132638488663425024,488004082728960000,132638488657920000,1.0,misfitting_17m,1310720000,1250,1250,2,2,0.004,2024_11_10-23_08_29_sweep_test
4.163882752414793,4.163882752414793,62052928,16865856,786432000,292802449642881024,79583093200257024,292802449637376000,79583093194752000,1.0,misfitting_17m,786432000,750,750,2,2,0.004,2024_11_10-23_08_29_sweep_test
4.176937400829047,4.176937400829047,62052928,16865856,786432000,292802449642881024,79583093200257024,292802449637376000,79583093194752000,1.0,misfitting_17m,786432000,750,750,2,2,0.004,2024_11_10-23_08_29_sweep_test
3.8441129410639405,3.8441129410639405,62052928,16865856,1572864000,585604899280257024,159166186395009024,585604899274752000,159166186389504000,1.0,misfitting_17m,1572864000,1500,1500,2,2,0.004,2024_11_10-23_08_29_sweep_test
5.308719697408378,5.308719697408378,62052928,16865856,262144000,97600816551297024,26527697737089024,97600816545792000,26527697731584000,1.0,misfitting_17m,262144000,250,250,2,2,0.004,2024_11_10-23_08_29_sweep_test
5.625998409464955,5.625998409464955,62052928,16865856,209715200,78080653242138624,21222158190772224,78080653236633600,21222158185267200,1.0,misfitting_17m,209715200,200,200,2,2,0.008,2024_11_10-23_08_29_sweep_test
5.370147765614092,5.370147765614092,62052928,16865856,262144000,97600816551297024,26527697737089024,97600816545792000,26527697731584000,1.0,misfitting_17m,262144000,250,250,2,2,0.008,2024_11_10-23_08_29_sweep_test
4.528034217655659,4.528034217655659,62052928,16865856,524288000,195201633097089024,53055395468673024,195201633091584000,53055395463168000,1.0,misfitting_17m,524288000,500,500,1,1,0.008,2024_11_10-23_08_29_sweep_test
5.370147765614092,5.370147765614092,62052928,16865856,262144000,97600816551297024,26527697737089024,97600816545792000,26527697731584000,1.0,misfitting_17m,262144000,250,250,1,1,0.008,2024_11_10-23_08_29_sweep_test
3.9130457369610667,3.9130457369610667,62052928,16865856,1310720000,488004082734465024,132638488663425024,488004082728960000,132638488657920000,1.0,misfitting_17m,1310720000,1250,1250,10,10,0.008,2024_11_10-23_08_29_sweep_test
5.625998409464955,5.625998409464955,62052928,16865856,209715200,78080653242138624,21222158190772224,78080653236633600,21222158185267200,1.0,misfitting_17m,209715200,200,200,2,2,0.008,2024_11_10-23_08_29_sweep_test
4.163882752414793,4.163882752414793,62052928,16865856,786432000,292802449642881024,79583093200257024,292802449637376000,79583093194752000,1.0,misfitting_17m,786432000,750,750,6,6,0.004,2024_11_10-23_08_29_sweep_test
4.296366647351533,4.296366647351533,62052928,16865856,786432000,292802449642881024,79583093200257024,292802449637376000,79583093194752000,1.0,misfitting_17m,786432000,750,750,6,6,0.002,2024_11_10-23_08_29_sweep_test
5.354489612393081,5.354489612393081,62052928,16865856,262144000,97600816551297024,26527697737089024,97600816545792000,26527697731584000,1.0,misfitting_17m,262144000,250,250,2,2,0.002,2024_11_10-23_08_29_sweep_test
3.8441129410639405,3.8441129410639405,62052928,16865856,1572864000,585604899280257024,159166186395009024,585604899274752000,159166186389504000,1.0,misfitting_17m,1572864000,1500,1500,12,12,0.008,2024_11_10-23_08_29_sweep_test
4.0099402642808855,4.0099402642808855,62052928,16865856,1048576000,390403266188673024,106110790931841024,390403266183168000,106110790926336000,1.0,misfitting_17m,1048576000,1000,1000,2,2,0.008,2024_11_10-23_08_29_sweep_test
3.836628066841513,3.836628066841513,62052928,16865856,1572864000,585604899280257024,159166186395009024,585604899274752000,159166186389504000,1.0,misfitting_17m,1572864000,1500,1500,12,12,0.004,2024_11_10-23_08_29_sweep_test
4.004743275232613,4.004743275232613,62052928,16865856,1310720000,488004082734465024,132638488663425024,488004082728960000,132638488657920000,1.0,misfitting_17m,1310720000,1250,1250,10,10,0.002,2024_11_10-23_08_29_sweep_test
4.563565105199814,4.563565105199814,62052928,16865856,524288000,195201633097089024,53055395468673024,195201633091584000,53055395463168000,1.0,misfitting_17m,524288000,500,500,1,1,0.004,2024_11_10-23_08_29_sweep_test
5.601835574954748,5.601835574954748,62052928,16865856,209715200,78080653242138624,21222158190772224,78080653236633600,21222158185267200,1.0,misfitting_17m,209715200,200,200,2,2,0.004,2024_11_10-23_08_29_sweep_test
4.0099402642808855,4.0099402642808855,62052928,16865856,1048576000,390403266188673024,106110790931841024,390403266183168000,106110790926336000,1.0,misfitting_17m,1048576000,1000,1000,8,8,0.008,2024_11_10-23_08_29_sweep_test
3.90478907385841,3.90478907385841,62052928,16865856,1310720000,488004082734465024,132638488663425024,488004082728960000,132638488657920000,1.0,misfitting_17m,1310720000,1250,1250,2,2,0.008,2024_11_10-23_08_29_sweep_test
4.007070607505739,4.007070607505739,62052928,16865856,1048576000,390403266188673024,106110790931841024,390403266183168000,106110790926336000,1.0,misfitting_17m,1048576000,1000,1000,2,2,0.008,2024_11_10-23_08_29_sweep_test
5.308719697408378,5.308719697408378,62052928,16865856,262144000,97600816551297024,26527697737089024,97600816545792000,26527697731584000,1.0,misfitting_17m,262144000,250,250,1,1,0.008,2024_11_10-23_08_29_sweep_test
5.601835574954748,5.601835574954748,62052928,16865856,209715200,78080653242138624,21222158190772224,78080653236633600,21222158185267200,1.0,misfitting_17m,209715200,200,200,2,2,0.002,2024_11_10-23_08_29_sweep_test
5.354489612393081,5.354489612393081,62052928,16865856,262144000,97600816551297024,26527697737089024,97600816545792000,26527697731584000,1.0,misfitting_17m,262144000,250,250,1,1,0.002,2024_11_10-23_08_29_sweep_test
4.1117506432347,4.1117506432347,62052928,16865856,1048576000,390403266188673024,106110790931841024,390403266183168000,106110790926336000,1.0,misfitting_17m,1048576000,1000,1000,2,2,0.002,2024_11_10-23_08_29_sweep_test
3.90478907385841,3.90478907385841,62052928,16865856,1310720000,488004082734465024,132638488663425024,488004082728960000,132638488657920000,1.0,misfitting_17m,1310720000,1250,1250,10,10,0.004,2024_11_10-23_08_29_sweep_test
4.007070607505739,4.007070607505739,62052928,16865856,1048576000,390403266188673024,106110790931841024,390403266183168000,106110790926336000,1.0,misfitting_17m,1048576000,1000,1000,8,8,0.004,2024_11_10-23_08_29_sweep_test
3.924036198761314,3.924036198761314,62052928,16865856,1572864000,585604899280257024,159166186395009024,585604899274752000,159166186389504000,1.0,misfitting_17m,1572864000,1500,1500,2,2,0.004,2024_11_10-23_08_29_sweep_test
4.1117506432347,4.1117506432347,62052928,16865856,1048576000,390403266188673024,106110790931841024,390403266183168000,106110790926336000,1.0,misfitting_17m,1048576000,1000,1000,8,8,0.002,2024_11_10-23_08_29_sweep_test
5.56482557579875,5.56482557579875,62052928,16865856,209715200,78080653242138624,21222158190772224,78080653236633600,21222158185267200,1.0,misfitting_17m,209715200,200,200,2,2,0.002,2024_11_10-23_08_29_sweep_test
3.836628066841513,3.836628066841513,62052928,16865856,1572864000,585604899280257024,159166186395009024,585604899274752000,159166186389504000,1.0,misfitting_17m,1572864000,1500,1500,2,2,0.002,2024_11_10-23_08_29_sweep_test
4.528034217655659,4.528034217655659,62052928,16865856,524288000,195201633097089024,53055395468673024,195201633091584000,53055395463168000,1.0,misfitting_17m,524288000,500,500,4,4,0.004,2024_11_10-23_08_29_sweep_test
4.296366647351533,4.296366647351533,62052928,16865856,786432000,292802449642881024,79583093200257024,292802449637376000,79583093194752000,1.0,misfitting_17m,786432000,750,750,2,2,0.004,2024_11_10-23_08_29_sweep_test
4.645288739353418,4.645288739353418,62052928,16865856,524288000,195201633097089024,53055395468673024,195201633091584000,53055395463168000,1.0,misfitting_17m,524288000,500,500,4,4,0.002,2024_11_10-23_08_29_sweep_test
3.924036198761314,3.924036198761314,62052928,16865856,1572864000,585604899280257024,159166186395009024,585604899274752000,159166186389504000,1.0,misfitting_17m,1572864000,1500,1500,12,12,0.002,2024_11_10-23_08_29_sweep_test
4.645288739353418,4.645288739353418,62052928,16865856,524288000,195201633097089024,53055395468673024,195201633091584000,53055395463168000,1.0,misfitting_17m,524288000,500,500,1,1,0.002,2024_11_10-23_08_29_sweep_test
4.563565105199814,4.563565105199814,62052928,16865856,524288000,195201633097089024,53055395468673024,195201633091584000,53055395463168000,1.0,misfitting_17m,524288000,500,500,4,4,0.008,2024_11_10-23_08_29_sweep_test
2.9692143041938834,2.9692143041938834,1182757632,1002009344,20971520000,148825352007865860096,126081953987319300096,148825352007843840000,126081953987297280000,1.0,misfitting_1b,20971520000,20000,20000,40,40,0.004,2024_11_24-23_54_32_sweep_test
3.347181135439314,3.347181135439314,76816896,25174528,16777216000,7732641939855507456,2534150963730579456,7732641939849216000,2534150963724288000,1.0,misfitting_25m,16777216000,16000,16000,125,125,0.002,2024_11_26-18_29_36_sweep_test
3.3918841619743034,3.3918841619743034,76816896,25174528,16777216000,7732641939855507456,2534150963730579456,7732641939849216000,2534150963724288000,1.0,misfitting_25m,16777216000,16000,16000,125,125,0.001,2024_11_26-18_29_36_sweep_test
3.334635377745144,3.334635377745144,76816896,25174528,16777216000,7732641939855507456,2534150963730579456,7732641939849216000,2534150963724288000,1.0,misfitting_25m,16777216000,16000,16000,125,125,0.004,2024_11_26-18_29_36_sweep_test
3.291296598268673,3.291296598268673,176576256,99112704,4194304000,4443686981084381184,2494252865037533184,4443686981074944000,2494252865028096000,1.0,misfitting_100m,4194304000,4000,4000,32,32,0.002,2024_11_21-00_00_55_sweep_test
3.309116785880178,3.309116785880178,176576256,99112704,4194304000,4443686981084381184,2494252865037533184,4443686981074944000,2494252865028096000,1.0,misfitting_100m,4194304000,4000,4000,32,32,0.004,2024_11_21-00_00_55_sweep_test
3.3459799408446997,3.3459799408446997,176576256,99112704,4194304000,4443686981084381184,2494252865037533184,4443686981074944000,2494252865028096000,1.0,misfitting_100m,4194304000,4000,4000,32,32,0.001,2024_11_21-00_00_55_sweep_test
3.278892195550725,3.278892195550725,93940416,35842752,16777216000,9456351902178213888,3608049554037669888,9456351902171136000,3608049554030592000,1.0,misfitting_35m,16777216000,16000,16000,125,125,0.004,2024_11_20-23_43_11_sweep_test
3.323146215174347,3.323146215174347,93940416,35842752,16777216000,9456351902178213888,3608049554037669888,9456351902171136000,3608049554030592000,1.0,misfitting_35m,16777216000,16000,16000,125,125,0.001,2024_11_20-23_43_11_sweep_test
2.7044113549841313,2.7044113549841313,1182757632,1002009344,20971520000,148825352007865860096,126081953987319300096,148825352007843840000,126081953987297280000,1.0,misfitting_1b,20971520000,20000,20000,40,40,0.0004,2024_11_26-01_51_19_sweep_test
4.33242719899863,4.33242719899863,142394560,71386304,524288000,447934554448330752,224561895317962752,447934554439680000,224561895309312000,1.0,misfitting_70m,524288000,500,500,4,4,0.002,2024_11_15-17_25_57_sweep_test
3.6269358983263373,3.6269358983263373,142394560,71386304,2097152000,1791738217767370752,898247581245898752,1791738217758720000,898247581237248000,1.0,misfitting_70m,2097152000,2000,2000,16,16,0.001,2024_11_15-17_25_57_sweep_test
3.808889700565487,3.808889700565487,142394560,71386304,1048576000,895869108888010752,449123790627274752,895869108879360000,449123790618624000,1.0,misfitting_70m,1048576000,1000,1000,8,8,0.002,2024_11_15-17_25_57_sweep_test
3.8288215869106352,3.8288215869106352,142394560,71386304,1310720000,1119836386107850752,561404738281930752,1119836386099200000,561404738273280000,1.0,misfitting_70m,1310720000,1250,1250,10,10,0.001,2024_11_15-17_25_57_sweep_test
3.436678620055318,3.436678620055318,142394560,71386304,2621440000,2239672772207050752,1122809476555210752,2239672772198400000,1122809476546560000,1.0,misfitting_70m,2621440000,2500,2500,20,20,0.004,2024_11_15-17_25_57_sweep_test
3.9853767487220466,3.9853767487220466,142394560,71386304,786432000,671901831668170752,336842842972618752,671901831659520000,336842842963968000,1.0,misfitting_70m,786432000,750,750,6,6,0.004,2024_11_15-17_25_57_sweep_test
3.401653380598873,3.401653380598873,142394560,71386304,3145728000,2687607326646730752,1347371371864522752,2687607326638080000,1347371371855872000,1.0,misfitting_70m,3145728000,3000,3000,24,24,0.002,2024_11_15-17_25_57_sweep_test
3.519161361269653,3.519161361269653,142394560,71386304,2097152000,1791738217767370752,898247581245898752,1791738217758720000,898247581237248000,1.0,misfitting_70m,2097152000,2000,2000,16,16,0.002,2024_11_15-17_25_57_sweep_test
3.745784384664148,3.745784384664148,142394560,71386304,1572864000,1343803663327690752,673685685936586752,1343803663319040000,673685685927936000,1.0,misfitting_70m,1572864000,1500,1500,12,12,0.001,2024_11_15-17_25_57_sweep_test
3.486793258227408,3.486793258227408,142394560,71386304,3145728000,2687607326646730752,1347371371864522752,2687607326638080000,1347371371855872000,1.0,misfitting_70m,3145728000,3000,3000,24,24,0.001,2024_11_15-17_25_57_sweep_test
3.510041567031294,3.510041567031294,142394560,71386304,2097152000,1791738217767370752,898247581245898752,1791738217758720000,898247581237248000,1.0,misfitting_70m,2097152000,2000,2000,16,16,0.004,2024_11_15-17_25_57_sweep_test
3.603169644251466,3.603169644251466,142394560,71386304,1572864000,1343803663327690752,673685685936586752,1343803663319040000,673685685927936000,1.0,misfitting_70m,1572864000,1500,1500,12,12,0.004,2024_11_15-17_25_57_sweep_test
4.474291294813156,4.474291294813156,142394560,71386304,524288000,447934554448330752,224561895317962752,447934554439680000,224561895309312000,1.0,misfitting_70m,524288000,500,500,4,4,0.001,2024_11_15-17_25_57_sweep_test
4.118244165554643,4.118244165554643,142394560,71386304,786432000,671901831668170752,336842842972618752,671901831659520000,336842842963968000,1.0,misfitting_70m,786432000,750,750,6,6,0.001,2024_11_15-17_25_57_sweep_test
3.9879603921435773,3.9879603921435773,142394560,71386304,786432000,671901831668170752,336842842972618752,671901831659520000,336842842963968000,1.0,misfitting_70m,786432000,750,750,6,6,0.002,2024_11_15-17_25_57_sweep_test
4.395962810143828,4.395962810143828,142394560,71386304,524288000,447934554448330752,224561895317962752,447934554439680000,224561895309312000,1.0,misfitting_70m,524288000,500,500,4,4,0.004,2024_11_15-17_25_57_sweep_test
3.792842728551477,3.792842728551477,142394560,71386304,1048576000,895869108888010752,449123790627274752,895869108879360000,449123790618624000,1.0,misfitting_70m,1048576000,1000,1000,8,8,0.004,2024_11_15-17_25_57_sweep_test
3.3919221297837794,3.3919221297837794,142394560,71386304,3145728000,2687607326646730752,1347371371864522752,2687607326638080000,1347371371855872000,1.0,misfitting_70m,3145728000,3000,3000,24,24,0.004,2024_11_15-17_25_57_sweep_test
3.5457372553646564,3.5457372553646564,142394560,71386304,2621440000,2239672772207050752,1122809476555210752,2239672772198400000,1122809476546560000,1.0,misfitting_70m,2621440000,2500,2500,20,20,0.001,2024_11_15-17_25_57_sweep_test
3.6201938656158745,3.6201938656158745,142394560,71386304,1572864000,1343803663327690752,673685685936586752,1343803663319040000,673685685927936000,1.0,misfitting_70m,1572864000,1500,1500,12,12,0.002,2024_11_15-17_25_57_sweep_test
3.7003972749225795,3.7003972749225795,142394560,71386304,1310720000,1119836386107850752,561404738281930752,1119836386099200000,561404738273280000,1.0,misfitting_70m,1310720000,1250,1250,10,10,0.002,2024_11_15-17_25_57_sweep_test
3.289150788448751,3.289150788448751,142394560,71386304,5242880000,4479345544405450752,2245618953101770752,4479345544396800000,2245618953093120000,1.0,misfitting_70m,5242880000,5000,5000,40,40,0.004,2024_11_15-17_25_57_sweep_test
3.680579421110451,3.680579421110451,142394560,71386304,1310720000,1119836386107850752,561404738281930752,1119836386099200000,561404738273280000,1.0,misfitting_70m,1310720000,1250,1250,10,10,0.004,2024_11_15-17_25_57_sweep_test
3.450369455385953,3.450369455385953,142394560,71386304,2621440000,2239672772207050752,1122809476555210752,2239672772198400000,1122809476546560000,1.0,misfitting_70m,2621440000,2500,2500,20,20,0.002,2024_11_15-17_25_57_sweep_test
3.9421776104718447,3.9421776104718447,142394560,71386304,1048576000,895869108888010752,449123790627274752,895869108879360000,449123790618624000,1.0,misfitting_70m,1048576000,1000,1000,8,8,0.001,2024_11_15-17_25_57_sweep_test
3.027545487275347,3.027545487275347,522374400,393268480,8388608000,26291964425026928640,19793850704870768640,26291964425011200000,19793850704855040000,1.0,misfitting_400m,8388608000,8000,8000,32,32,0.0004,2024_11_22-11_48_37_sweep_test
2.9451679462799802,2.9451679462799802,522374400,393268480,8388608000,26291964425026928640,19793850704870768640,26291964425011200000,19793850704855040000,1.0,misfitting_400m,8388608000,8000,8000,32,32,0.001,2024_11_22-11_48_37_sweep_test
2.9630150656739715,2.9630150656739715,522374400,393268480,8388608000,26291964425026928640,19793850704870768640,26291964425011200000,19793850704855040000,1.0,misfitting_400m,8388608000,8000,8000,32,32,0.002,2024_11_22-11_48_37_sweep_test
2.9428537709172815,2.9428537709172815,522374400,393268480,12582912000,39437946637532528640,29690776057298288640,39437946637516800000,29690776057282560000,1.0,misfitting_400m,12582912000,12000,12000,47,47,0.0004,2024_11_22-11_48_37_sweep_test
2.8815669706091285,2.8815669706091285,522374400,393268480,12582912000,39437946637532528640,29690776057298288640,39437946637516800000,29690776057282560000,1.0,misfitting_400m,12582912000,12000,12000,47,47,0.001,2024_11_22-11_48_37_sweep_test
2.89571093628183,2.89571093628183,522374400,393268480,12582912000,39437946637532528640,29690776057298288640,39437946637516800000,29690776057282560000,1.0,misfitting_400m,12582912000,12000,12000,47,47,0.002,2024_11_22-11_48_37_sweep_test
3.684950601658784,3.684950601658784,76816896,25174528,8388608000,3866320969930899456,1267075481868435456,3866320969924608000,1267075481862144000,1.0,misfitting_25m,8388608000,8000,8000,63,63,0.0004,2024_11_26-19_10_56_sweep_test
4.433809581969399,4.433809581969399,176576256,99112704,524288000,555460872643805184,311781608137949184,555460872634368000,311781608128512000,1.0,misfitting_100m,524288000,500,500,2,2,0.001,2024_11_26-19_13_37_sweep_test
4.223973914049566,4.223973914049566,295930560,199101120,524288000,930917048659476480,626317968027156480,930917048647680000,626317968015360000,1.0,misfitting_200m,524288000,500,500,2,2,0.002,2024_11_26-19_13_37_sweep_test
4.292883797257673,4.292883797257673,176576256,99112704,524288000,555460872643805184,311781608137949184,555460872634368000,311781608128512000,1.0,misfitting_100m,524288000,500,500,2,2,0.002,2024_11_26-19_13_37_sweep_test
4.034238698193803,4.034238698193803,57234240,12047168,1048576000,360086702658945024,75794227402113024,360086702653440000,75794227396608000,1.0,misfitting_12m,1048576000,1000,1000,8,8,0.008,2025_02_06-23_53_30_sweep_test
4.180899190134369,4.180899190134369,57234240,12047168,786432000,270065026995585024,56845670552961024,270065026990080000,56845670547456000,1.0,misfitting_12m,786432000,750,750,6,6,0.008,2025_02_06-23_53_30_sweep_test
4.356465624296106,4.356465624296106,57234240,12047168,786432000,270065026995585024,56845670552961024,270065026990080000,56845670547456000,1.0,misfitting_12m,786432000,750,750,6,6,0.002,2025_02_06-23_53_30_sweep_test
4.191340893623419,4.191340893623419,57234240,12047168,786432000,270065026995585024,56845670552961024,270065026990080000,56845670547456000,1.0,misfitting_12m,786432000,750,750,6,6,0.004,2025_02_06-23_53_30_sweep_test
4.0391245785867795,4.0391245785867795,57234240,12047168,1048576000,360086702658945024,75794227402113024,360086702653440000,75794227396608000,1.0,misfitting_12m,1048576000,1000,1000,8,8,0.004,2025_02_06-23_53_30_sweep_test
4.178572921082377,4.178572921082377,57234240,12047168,1048576000,360086702658945024,75794227402113024,360086702653440000,75794227396608000,1.0,misfitting_12m,1048576000,1000,1000,8,8,0.002,2025_02_06-23_53_30_sweep_test
2.685064683285873,2.685064683285873,1182757632,1002009344,20971520000,148825352007865860096,126081953987319300096,148825352007843840000,126081953987297280000,1.0,misfitting_1b,20971520000,20000,20000,40,40,0.001,2024_11_22-11_37_58_sweep_test
4.44323761202395,4.44323761202395,76816896,25174528,524288000,241645060626579456,79192217622675456,241645060620288000,79192217616384000,1.0,misfitting_25m,524288000,500,500,4,4,0.004,2024_11_17-14_38_34_sweep_test
5.278452099766582,5.278452099766582,76816896,25174528,262144000,120822530316435456,39596108814483456,120822530310144000,39596108808192000,1.0,misfitting_25m,262144000,250,250,2,2,0.002,2024_11_17-14_38_34_sweep_test
4.083156313747168,4.083156313747168,76816896,25174528,786432000,362467590936723456,118788326430867456,362467590930432000,118788326424576000,1.0,misfitting_25m,786432000,750,750,6,6,0.004,2024_11_17-14_38_34_sweep_test
4.890876497607678,4.890876497607678,76816896,25174528,377487360,173984443652898816,57018396690087936,173984443646607360,57018396683796480,1.0,misfitting_25m,377487360,360,360,3,3,0.002,2024_11_17-14_38_34_sweep_test
3.8162221021484584,3.8162221021484584,76816896,25174528,1572864000,724935181867155456,237576652855443456,724935181860864000,237576652849152000,1.0,misfitting_25m,1572864000,1500,1500,12,12,0.002,2024_11_17-14_38_34_sweep_test
5.455908844713122,5.455908844713122,76816896,25174528,262144000,120822530316435456,39596108814483456,120822530310144000,39596108808192000,1.0,misfitting_25m,262144000,250,250,2,2,0.001,2024_11_17-14_38_34_sweep_test
4.218741668853909,4.218741668853909,76816896,25174528,1048576000,483290121246867456,158384435239059456,483290121240576000,158384435232768000,1.0,misfitting_25m,1048576000,1000,1000,8,8,0.001,2024_11_17-14_38_34_sweep_test
3.884577546734363,3.884577546734363,76816896,25174528,2097152000,966580242487443456,316768870471827456,966580242481152000,316768870465536000,1.0,misfitting_25m,2097152000,2000,2000,16,16,0.001,2024_11_17-14_38_34_sweep_test
4.7698442824184895,4.7698442824184895,76816896,25174528,524288000,241645060626579456,79192217622675456,241645060620288000,79192217616384000,1.0,misfitting_25m,524288000,500,500,4,4,0.001,2024_11_17-14_38_34_sweep_test
4.002477065427229,4.002477065427229,76816896,25174528,1048576000,483290121246867456,158384435239059456,483290121240576000,158384435232768000,1.0,misfitting_25m,1048576000,1000,1000,8,8,0.002,2024_11_17-14_38_34_sweep_test
3.9131486143451184,3.9131486143451184,76816896,25174528,1048576000,483290121246867456,158384435239059456,483290121240576000,158384435232768000,1.0,misfitting_25m,1048576000,1000,1000,8,8,0.004,2024_11_17-14_38_34_sweep_test
4.827723724301904,4.827723724301904,76816896,25174528,377487360,173984443652898816,57018396690087936,173984443646607360,57018396683796480,1.0,misfitting_25m,377487360,360,360,3,3,0.004,2024_11_17-14_38_34_sweep_test
4.182961673242971,4.182961673242971,76816896,25174528,786432000,362467590936723456,118788326430867456,362467590930432000,118788326424576000,1.0,misfitting_25m,786432000,750,750,6,6,0.002,2024_11_17-14_38_34_sweep_test
5.099616385065019,5.099616385065019,76816896,25174528,377487360,173984443652898816,57018396690087936,173984443646607360,57018396683796480,1.0,misfitting_25m,377487360,360,360,3,3,0.001,2024_11_17-14_38_34_sweep_test
4.519849927164614,4.519849927164614,76816896,25174528,524288000,241645060626579456,79192217622675456,241645060620288000,79192217616384000,1.0,misfitting_25m,524288000,500,500,4,4,0.002,2024_11_17-14_38_34_sweep_test
3.747754651121795,3.747754651121795,76816896,25174528,1572864000,724935181867155456,237576652855443456,724935181860864000,237576652849152000,1.0,misfitting_25m,1572864000,1500,1500,12,12,0.004,2024_11_17-14_38_34_sweep_test
4.405422592069954,4.405422592069954,76816896,25174528,786432000,362467590936723456,118788326430867456,362467590930432000,118788326424576000,1.0,misfitting_25m,786432000,750,750,6,6,0.001,2024_11_17-14_38_34_sweep_test
5.261669397354126,5.261669397354126,76816896,25174528,262144000,120822530316435456,39596108814483456,120822530310144000,39596108808192000,1.0,misfitting_25m,262144000,250,250,2,2,0.004,2024_11_17-14_38_34_sweep_test
4.0077545524109155,4.0077545524109155,76816896,25174528,1572864000,724935181867155456,237576652855443456,724935181860864000,237576652849152000,1.0,misfitting_25m,1572864000,1500,1500,12,12,0.001,2024_11_17-14_38_34_sweep_test
